step,elapsed_tokens,elapsed_examples,training_loss,training_sequence_accuracy,training_token_accuracy,validation_loss,validation_sequence_accuracy,validation_token_accuracy,classification/accuracy,classification/precision,classification/recall,classification/auroc,classification/auprc,classification/f1.0
1,33,1,0.5901960171786141,0.0,0.0,1.025722009936726,0.0,0.0,,,,,,
2,66,2,0.5202228240063413,0.0,0.0,,,,,,,,,
3,91,3,0.6196472350081119,0.0,0.0,,,,,,,,,
4,148,4,0.22965931284494995,0.0,0.0,,,,,,,,,
5,165,5,0.292385928472504,0.0,0.0,,,,,,,,,
6,198,6,0.10344315459544305,1.0,1.0,,,,,,,,,
7,239,7,0.053281485541723676,1.0,1.0,,,,,,,,,
8,328,8,0.04597838960968974,1.0,1.0,,,,,,,,,
9,361,9,0.1722739475092385,0.0,0.0,0.21421734821051358,0.0,0.0,,,,,,
10,386,10,0.13356498441038034,0.0,0.0,,,,,,,,,
11,419,11,0.05597453286056407,1.0,1.0,,,,,,,,,
12,444,12,0.06168951846659183,1.0,1.0,,,,,,,,,
13,469,13,0.20320280174414318,0.0,0.0,,,,,,,,,
14,494,14,0.054354527952770404,1.0,1.0,,,,,,,,,
15,543,15,0.0931581832965215,0.0,0.0,,,,,,,,,
16,592,16,0.06782395079111059,0.0,0.0,,,,,,,,,
17,633,17,0.049616444354411204,1.0,1.0,0.056297570116817956,1.0,1.0,,,,,,
18,650,18,0.16499031053856014,0.0,0.0,,,,,,,,,
19,683,19,0.06312709346151678,1.0,1.0,,,,,,,,,
20,724,20,0.09708106093853713,0.0,0.0,,,,,,,,,
21,749,21,0.06920787982642651,1.0,1.0,,,,,,,,,
22,766,22,0.0902515671402216,1.0,1.0,,,,,,,,,
23,783,23,0.07170628566294909,1.0,1.0,,,,,,,,,
24,808,24,0.10000321500003337,0.0,0.0,,,,,,,,,
25,849,25,0.0493839245736599,1.0,1.0,0.05359363920676211,1.0,1.0,,,,,,
26,890,26,0.09321464347839355,0.0,0.0,,,,,,,,,
27,915,27,0.08506083665415644,0.0,0.0,,,,,,,,,
28,948,28,0.06255421056295746,0.0,0.0,,,,,,,,,
29,1013,29,0.04229181251837873,1.0,1.0,,,,,,,,,
30,1078,30,0.06313927273964509,0.0,0.0,,,,,,,,,
31,1111,31,0.14445707679260522,0.0,0.0,,,,,,,,,
32,1152,32,0.052301488304510715,1.0,1.0,,,,,,,,,
33,1185,33,0.04655239221639931,1.0,1.0,0.06503846414387227,1.0,1.0,,,,,,
34,1218,34,0.10211348398122935,0.0,0.0,,,,,,,,,
35,1251,35,0.07131821512244642,0.0,0.0,,,,,,,,,
36,1276,36,0.05131807656570648,1.0,1.0,,,,,,,,,
37,1325,37,0.06774240648257546,0.0,0.0,,,,,,,,,
38,1358,38,0.06546838360372931,0.0,0.0,,,,,,,,,
39,1399,39,0.0557086088624783,1.0,1.0,,,,,,,,,
40,1432,40,0.06968297727406025,0.0,0.0,,,,,,,,,
41,1465,41,0.06793574101291597,0.0,0.0,0.059988230287563046,1.0,1.0,,,,,,
42,1490,42,0.10558773718929539,0.0,0.0,,,,,,,,,
43,1531,43,0.049794381488114596,1.0,1.0,,,,,,,,,
44,1572,44,0.06643781335838139,1.0,1.0,,,,,,,,,
45,1597,45,0.04787360662885476,1.0,1.0,,,,,,,,,
46,1638,46,0.051721221704035994,1.0,1.0,,,,,,,,,
47,1679,47,0.07593517933553084,0.0,0.0,,,,,,,,,
48,1704,48,0.04609897900993626,1.0,1.0,,,,,,,,,
49,1737,49,0.037898641012434384,1.0,1.0,0.035181414966937156,1.0,1.0,,,,,,
50,1770,50,0.11785357240820304,0.0,0.0,,,,,,,,,
51,1803,51,0.10682121952238958,0.0,0.0,,,,,,,,,
52,1884,52,0.03346778154792264,1.0,1.0,,,,,,,,,
53,1925,53,0.06838052373984829,0.0,0.0,,,,,,,,,
54,1966,54,0.05195166057813914,0.0,0.0,,,,,,,,,
55,2007,55,0.0503953059767373,1.0,1.0,,,,,,,,,
56,2040,56,0.08472052584169433,0.0,0.0,,,,,,,,,
57,2065,57,0.11788736731202032,0.0,0.0,0.03386672668071697,1.0,1.0,,,,,,
58,2090,58,0.09641294167551678,0.0,0.0,,,,,,,,,
59,2147,59,0.05369991185950181,0.0,0.0,,,,,,,,,
60,2180,60,0.05551996416877955,1.0,1.0,,,,,,,,,
61,2213,61,0.051889228032086974,1.0,1.0,,,,,,,,,
62,2254,62,0.05305590541940183,0.0,0.0,,,,,,,,,
63,2295,63,0.06705347636993975,0.0,0.0,,,,,,,,,
64,2328,64,0.047759577943361366,1.0,1.0,,,,,,,,,
65,2361,65,0.06542813582462259,0.0,0.0,0.04640509272003934,1.0,1.0,,,,,,
66,2410,66,0.06417318786339213,1.0,1.0,,,,,,,,,
67,2451,67,0.04908539890684188,1.0,1.0,,,,,,,,,
68,2484,68,0.06743532128049992,0.0,0.0,,,,,,,,,
69,2501,69,0.07398231973638758,1.0,1.0,,,,,,,,,
70,2526,70,0.05258023425315817,1.0,1.0,,,,,,,,,
71,2559,71,0.03853881427348824,1.0,1.0,,,,,,,,,
72,2592,72,0.08075683422386648,0.0,0.0,,,,,,,,,
73,2617,73,0.04031890537356958,1.0,1.0,0.03157356789777987,1.0,1.0,,,,,,
74,2666,74,0.0713151409290731,0.0,0.0,,,,,,,,,
75,2715,75,0.0804895271655793,0.0,0.0,,,,,,,,,
76,2764,76,0.05756512681720778,1.0,1.0,,,,,,,,,
77,2781,77,0.13354264961206355,0.0,0.0,,,,,,,,,
78,2814,78,0.054084962623019234,1.0,1.0,,,,,,,,,
79,2863,79,0.05573849035077728,1.0,1.0,,,,,,,,,
80,2912,80,0.04845191458395372,1.0,1.0,,,,,,,,,
81,2953,81,0.05378632542025298,0.0,0.0,0.04921602741960669,1.0,1.0,,,,,,
82,3002,82,0.04271055477399689,1.0,1.0,,,,,,,,,
83,3027,83,0.09277235769201071,0.0,0.0,,,,,,,,,
84,3052,84,0.051231174260998755,1.0,1.0,,,,,,,,,
85,3077,85,0.07861802101174059,0.0,0.0,,,,,,,,,
86,3094,86,0.0669852190418169,1.0,1.0,,,,,,,,,
87,3119,87,0.040110954322541754,1.0,1.0,,,,,,,,,
88,3144,88,0.04317043596257766,1.0,1.0,,,,,,,,,
89,3169,89,0.07725289559767891,0.0,0.0,0.1282649069884792,0.0,0.0,,,,,,
90,3210,90,0.052173096816986814,1.0,1.0,,,,,,,,,
91,3243,91,0.04636775712482631,1.0,1.0,,,,,,,,,
92,3260,92,0.05611097048851661,1.0,1.0,,,,,,,,,
93,3293,93,0.03985609988565557,1.0,1.0,,,,,,,,,
94,3318,94,0.046396302801246445,1.0,1.0,,,,,,,,,
95,3367,95,0.03210934664316785,1.0,1.0,,,,,,,,,
96,3392,96,0.03272813982795923,1.0,1.0,,,,,,,,,
97,3425,97,0.1258343780483119,0.0,0.0,0.033488341620424765,1.0,1.0,,,,,,
98,3450,98,0.026429177766355373,1.0,1.0,,,,,,,,,
99,3483,99,0.04123261560627725,1.0,1.0,,,,,,,,,
100,3508,100,0.035541447333525863,1.0,1.0,,,,,,,,,
101,3549,101,0.031597593582700936,1.0,1.0,,,,,,,,,
102,3558,102,0.019650455729279204,1.0,1.0,,,,,,,,,
103,3575,103,0.2238530426140642,0.0,0.0,,,,,,,,,
104,3656,104,0.05874202669900841,0.0,0.0,,,,,,,,,
105,3681,105,0.09917213557094025,0.0,0.0,0.043969196657417345,1.0,1.0,,,,,,
106,3714,106,0.07097993699717335,0.0,0.0,,,,,,,,,
107,3747,107,0.03768479869380826,1.0,1.0,,,,,,,,,
108,3780,108,0.06641782660852186,0.0,0.0,,,,,,,,,
109,3813,109,0.06683922159078065,0.0,0.0,,,,,,,,,
110,3854,110,0.053714010170078846,0.0,0.0,,,,,,,,,
111,3879,111,0.06441053303889929,1.0,1.0,,,,,,,,,
112,3920,112,0.05060658792173489,0.0,0.0,,,,,,,,,
113,3945,113,0.05610990319401025,0.0,0.0,0.04983129601592996,1.0,1.0,,,,,,
114,3970,114,0.05525383488022877,1.0,1.0,,,,,,,,,
115,4011,115,0.04923069789703004,1.0,1.0,,,,,,,,,
116,4036,116,0.054814638683650024,0.0,0.0,,,,,,,,,
117,4085,117,0.037133590311956746,1.0,1.0,,,,,,,,,
118,4126,118,0.04897922578750877,1.0,1.0,,,,,,,,,
119,4151,119,0.10850114048216103,0.0,0.0,,,,,,,,,
120,4192,120,0.05088385360315443,1.0,1.0,,,,,,,,,
121,4225,121,0.0823561014898587,0.0,0.0,0.05446858928521397,0.0,0.0,,,,,,
122,4274,122,0.049362650387338364,0.0,0.0,,,,,,,,,
123,4315,123,0.05728896314720623,0.0,0.0,,,,,,,,,
124,4340,124,0.04778373390183939,1.0,1.0,,,,,,,,,
125,4373,125,0.06667004059650936,0.0,0.0,,,,,,,,,
126,4438,126,0.030758329450909516,1.0,1.0,,,,,,,,,
127,4479,127,0.07091253603855148,0.0,0.0,,,,,,,,,
128,4576,128,0.04587288362849601,0.0,0.0,,,,,,,,,
129,4601,129,0.09046953408357997,0.0,0.0,0.04134532471915009,1.0,1.0,,,,,,
130,4642,130,0.041778009913163265,1.0,1.0,,,,,,,,,
131,4667,131,0.07379296459713562,0.0,0.0,,,,,,,,,
132,4700,132,0.07390674264446716,1.0,1.0,,,,,,,,,
133,4741,133,0.06159477590559982,0.0,0.0,,,,,,,,,
134,4774,134,0.05418569412722719,1.0,1.0,,,,,,,,,
135,4799,135,0.06299364783801137,0.0,0.0,,,,,,,,,
136,4832,136,0.04982358632609249,1.0,1.0,,,,,,,,,
137,4865,137,0.04882881359953899,1.0,1.0,0.03924001092743129,1.0,1.0,,,,,,
138,4890,138,0.056475971261194594,1.0,1.0,,,,,,,,,
139,4915,139,0.062249435892639066,1.0,1.0,,,,,,,,,
140,4948,140,0.04971041322918608,1.0,1.0,,,,,,,,,
141,4997,141,0.046740398140197315,1.0,1.0,,,,,,,,,
142,5038,142,0.04897571873897687,0.0,0.0,,,,,,,,,
143,5063,143,0.05730129922507331,1.0,1.0,,,,,,,,,
144,5088,144,0.0540140001111043,0.0,0.0,,,,,,,,,
145,5113,145,0.06278718753562619,1.0,1.0,0.0483107528667897,1.0,1.0,,,,,,
146,5130,146,0.06170770901899232,1.0,1.0,,,,,,,,,
147,5155,147,0.05001131064978835,1.0,1.0,,,,,,,,,
148,5196,148,0.058933153372257956,1.0,1.0,,,,,,,,,
149,5237,149,0.04056624146178365,1.0,1.0,,,,,,,,,
150,5254,150,0.07430033334880137,0.0,0.0,,,,,,,,,
151,5279,151,0.06855861243796729,1.0,1.0,,,,,,,,,
152,5312,152,0.06570861626096303,0.0,0.0,,,,,,,,,
153,5337,153,0.0495891961575641,1.0,1.0,0.04929085757699796,1.0,1.0,,,,,,
154,5370,154,0.03257771659526043,1.0,1.0,,,,,,,,,
155,5395,155,0.03242692010011524,1.0,1.0,,,,,,,,,
156,5420,156,0.030988488966443885,1.0,1.0,,,,,,,,,
157,5453,157,0.09642884941335068,0.0,0.0,,,,,,,,,
158,5526,158,0.048317834637386516,0.0,0.0,,,,,,,,,
159,5591,159,0.061276917052146024,0.0,0.0,,,,,,,,,
160,5648,160,0.06450270163560552,0.0,0.0,,,,,,,,,
161,5681,161,0.019492859599313305,1.0,1.0,0.05093541825558835,0.0,0.0,,,,,,
162,5730,162,0.06427566001909629,0.0,0.0,,,,,,,,,
163,5755,163,0.04940680524955193,1.0,1.0,,,,,,,,,
164,5796,164,0.04642643658263842,1.0,1.0,,,,,,,,,
165,5829,165,0.04365416927670594,0.0,0.0,,,,,,,,,
166,5862,166,0.04499138344268431,1.0,1.0,,,,,,,,,
167,5879,167,0.04847877590887947,1.0,1.0,,,,,,,,,
168,5928,168,0.03427422894087309,1.0,1.0,,,,,,,,,
169,5945,169,0.08622029293037485,0.0,0.0,0.08471412334164294,0.0,0.0,,,,,,
170,5970,170,0.08119034043731516,0.0,0.0,,,,,,,,,
171,6019,171,0.043718834415315835,1.0,1.0,,,,,,,,,
172,6052,172,0.03685078310518293,1.0,1.0,,,,,,,,,
173,6093,173,0.0605576327345334,1.0,1.0,,,,,,,,,
174,6142,174,0.05307243052947645,0.0,0.0,,,,,,,,,
175,6175,175,0.04571028100326657,1.0,1.0,,,,,,,,,
176,6216,176,0.0474873130597407,1.0,1.0,,,,,,,,,
177,6241,177,0.051001814612876235,0.0,0.0,0.030337187803039945,1.0,1.0,,,,,,
178,6266,178,0.06454364015643174,0.0,0.0,,,,,,,,,
179,6283,179,0.17696002696611687,0.0,0.0,,,,,,,,,
180,6308,180,0.060809345953166484,1.0,1.0,,,,,,,,,
181,6357,181,0.031651485248148675,1.0,1.0,,,,,,,,,
182,6382,182,0.15675657284562478,0.0,0.0,,,,,,,,,
183,6423,183,0.0482613777788356,1.0,1.0,,,,,,,,,
184,6456,184,0.10542037613122375,0.0,0.0,,,,,,,,,
185,6489,185,0.046102566008921715,1.0,1.0,0.042820432664205633,1.0,1.0,,,,,,
186,6514,186,0.044704453398784,1.0,1.0,,,,,,,,,
187,6547,187,0.0418937928887317,1.0,1.0,,,,,,,,,
188,6644,188,0.034873839449137446,1.0,1.0,,,,,,,,,
189,6685,189,0.055367122902069243,1.0,1.0,,,,,,,,,
190,6750,190,0.0788518781559833,0.0,0.0,,,,,,,,,
191,6775,191,0.1161462234457334,0.0,0.0,,,,,,,,,
192,6816,192,0.04267018745874521,1.0,1.0,,,,,,,,,
193,6841,193,0.04217287521421288,1.0,1.0,0.038019555198989106,1.0,1.0,,,,,,
194,6890,194,0.0711333962130205,0.0,0.0,,,,,,,,,
195,6939,195,0.0569240987378483,0.0,0.0,,,,,,,,,
196,6972,196,0.042779756181407724,1.0,1.0,,,,,,,,,
197,7013,197,0.05161705012340099,0.0,0.0,,,,,,,,,
198,7030,198,0.07759268290014006,1.0,1.0,,,,,,,,,
199,7055,199,0.05827632260940542,0.0,0.0,,,,,,,,,
200,7088,200,0.051632285449741175,0.0,0.0,,,,,,,,,
201,7105,201,0.05883206086116843,0.0,0.0,0.05258974982607469,1.0,1.0,,,,,,
202,7146,202,0.04104088389110985,0.0,0.0,,,,,,,,,
203,7179,203,0.06103611919359537,0.0,0.0,,,,,,,,,
204,7220,204,0.04346901186881588,1.0,1.0,,,,,,,,,
205,7253,205,0.050220557022112186,1.0,1.0,,,,,,,,,
206,7270,206,0.05010728435125202,1.0,1.0,,,,,,,,,
207,7295,207,0.07695605057252276,0.0,0.0,,,,,,,,,
208,7336,208,0.0571751142666908,0.0,0.0,,,,,,,,,
209,7353,209,0.04539809016161599,1.0,1.0,0.04763081225533304,1.0,1.0,,,,,,
210,7370,210,0.04363718190346845,1.0,1.0,,,,,,,,,
211,7395,211,0.08046997895037444,0.0,0.0,,,,,,,,,
212,7436,212,0.04821502699656412,0.0,0.0,,,,,,,,,
213,7461,213,0.0700204169426191,0.0,0.0,,,,,,,,,
214,7478,214,0.032670281444734425,1.0,1.0,,,,,,,,,
215,7503,215,0.057709796928102144,1.0,1.0,,,,,,,,,
216,7616,216,0.026066043185336247,0.0,0.0,,,,,,,,,
217,7649,217,0.033790716509247434,0.0,0.0,0.05602666173345642,0.0,0.0,,,,,,
218,7706,218,0.04418115166864092,1.0,1.0,,,,,,,,,
219,7731,219,0.07260494945367099,0.0,0.0,,,,,,,,,
220,7764,220,0.0344398213722161,1.0,1.0,,,,,,,,,
221,7813,221,0.050059756174111195,1.0,1.0,,,,,,,,,
222,7846,222,0.065200111545455,0.0,0.0,,,,,,,,,
223,7871,223,0.039714423921929365,1.0,1.0,,,,,,,,,
224,7928,224,0.04636875669987473,0.0,0.0,,,,,,,,,
225,7961,225,0.04625424839323387,0.0,0.0,0.04637575920074596,1.0,1.0,,,,,,
226,7994,226,0.048563809959159696,0.0,0.0,,,,,,,,,
227,8019,227,0.05516824994469061,0.0,0.0,,,,,,,,,
228,8052,228,0.03950093448962434,1.0,1.0,,,,,,,,,
229,8085,229,0.04850386300357058,1.0,1.0,,,,,,,,,
230,8134,230,0.04460613399161957,1.0,1.0,,,,,,,,,
231,8151,231,0.036066626204992645,1.0,1.0,,,,,,,,,
232,8176,232,0.03663619026813345,1.0,1.0,,,,,,,,,
233,8193,233,0.04519355499127414,1.0,1.0,0.09199308254354038,0.0,0.0,,,,,,
234,8226,234,0.11873439277667786,0.0,0.0,,,,,,,,,
235,8307,235,0.042512844446930105,1.0,1.0,,,,,,,,,
236,8348,236,0.11776682453544346,0.0,0.0,,,,,,,,,
237,8397,237,0.08780763018155993,0.0,0.0,,,,,,,,,
238,8430,238,0.0850282958400203,0.0,0.0,,,,,,,,,
239,8511,239,0.05727434482844547,0.0,0.0,,,,,,,,,
240,8552,240,0.03585646685911343,1.0,1.0,,,,,,,,,
241,8609,241,0.03749268465874983,1.0,1.0,0.04748684367339592,0.0,0.0,,,,,,
242,8634,242,0.05453030026187965,1.0,1.0,,,,,,,,,
243,8667,243,0.0457697186144651,1.0,1.0,,,,,,,,,
244,8700,244,0.08043311891960911,0.0,0.0,,,,,,,,,
245,8741,245,0.040959297637455164,0.0,0.0,,,,,,,,,
246,8774,246,0.04962239036918618,1.0,1.0,,,,,,,,,
247,8815,247,0.04811293815402314,1.0,1.0,,,,,,,,,
248,8848,248,0.05139254657900892,1.0,1.0,,,,,,,,,
249,8881,249,0.062455100779188796,1.0,1.0,0.059549035978736356,0.0,0.0,,,,,,
250,8906,250,0.05315878792510678,1.0,1.0,,,,,,,,,
251,8963,251,0.03358896291615176,1.0,1.0,,,,,,,,,
252,9004,252,0.08268534181614814,0.0,0.0,,,,,,,,,
253,9029,253,0.03452099574108918,1.0,1.0,,,,,,,,,
254,9078,254,0.039857855835750036,1.0,1.0,,,,,,,,,
255,9103,255,0.09967798092906983,0.0,0.0,,,,,,,,,
256,9160,256,0.06907987108237908,0.0,0.0,,,,,,,,,
257,9225,257,0.03752346646157093,1.0,1.0,0.07572469313652255,0.0,0.0,,,,,,
258,9266,258,0.06912860169017222,0.0,0.0,,,,,,,,,
259,9315,259,0.056822527003023426,0.0,0.0,,,,,,,,,
260,9340,260,0.046973827691593514,1.0,1.0,,,,,,,,,
261,9373,261,0.046357587649522435,1.0,1.0,,,,,,,,,
262,9398,262,0.0709356853327093,0.0,0.0,,,,,,,,,
263,9423,263,0.062198716555334,1.0,1.0,,,,,,,,,
264,9440,264,0.09906809106003493,0.0,0.0,,,,,,,,,
265,9473,265,0.06304225206840783,0.0,0.0,0.051913395382580343,0.0,0.0,,,,,,
266,9506,266,0.04908581150055397,1.0,1.0,,,,,,,,,
267,9539,267,0.06061772213783115,0.0,0.0,,,,,,,,,
268,9572,268,0.057976053202000916,1.0,1.0,,,,,,,,,
269,9597,269,0.043151565675313266,1.0,1.0,,,,,,,,,
270,9654,270,0.05594711539518486,1.0,1.0,,,,,,,,,
271,9679,271,0.045246591079048805,1.0,1.0,,,,,,,,,
272,9720,272,0.038970265920972455,1.0,1.0,,,,,,,,,
273,9745,273,0.045052362617279865,1.0,1.0,0.0970559914081241,0.0,0.0,,,,,,
274,9778,274,0.02592367640900193,1.0,1.0,,,,,,,,,
275,9811,275,0.08934787479578518,0.0,0.0,,,,,,,,,
276,9836,276,0.021305043081520123,1.0,1.0,,,,,,,,,
277,9885,277,0.055139718116940156,0.0,0.0,,,,,,,,,
278,9926,278,0.03130859400820919,1.0,1.0,,,,,,,,,
279,9951,279,0.10968254494073333,0.0,0.0,,,,,,,,,
280,9968,280,0.03700630093691871,1.0,1.0,,,,,,,,,
281,10001,281,0.07171008736480872,0.0,0.0,0.04270123560818319,1.0,1.0,,,,,,
282,10042,282,0.06005275160814927,1.0,1.0,,,,,,,,,
283,10067,283,0.037261480969415665,1.0,1.0,,,,,,,,,
284,10108,284,0.033378103151917464,1.0,1.0,,,,,,,,,
285,10141,285,0.06109605665102208,0.0,0.0,,,,,,,,,
286,10190,286,0.05349232344695338,0.0,0.0,,,,,,,,,
287,10223,287,0.05024095819553623,1.0,1.0,,,,,,,,,
288,10256,288,0.05566663632681411,0.0,0.0,,,,,,,,,
289,10281,289,0.06327203030950235,0.0,0.0,0.044193690852029247,1.0,1.0,,,,,,
290,10386,290,0.04805274905629071,0.0,0.0,,,,,,,,,
291,10411,291,0.06840845276853845,1.0,1.0,,,,,,,,,
292,10436,292,0.05258716787853624,1.0,1.0,,,,,,,,,
293,10477,293,0.041406602012226366,1.0,1.0,,,,,,,,,
294,10494,294,0.05229222251222382,1.0,1.0,,,,,,,,,
295,10615,295,0.04203791318265333,1.0,1.0,,,,,,,,,
296,10640,296,0.05155613472228045,0.0,0.0,,,,,,,,,
297,10689,297,0.042920821441851637,1.0,1.0,0.0329410566764515,1.0,1.0,,,,,,
298,10714,298,0.048909525198008244,1.0,1.0,,,,,,,,,
299,10739,299,0.05302141236228636,1.0,1.0,,,,,,,,,
300,10764,300,0.075951544460695,0.0,0.0,,,,,,,,,
301,10789,301,0.049465584774928475,1.0,1.0,,,,,,,,,
302,10822,302,0.05843139467166111,0.0,0.0,,,,,,,,,
303,10855,303,0.057458269246271815,1.0,1.0,,,,,,,,,
304,10896,304,0.04040194770012749,1.0,1.0,,,,,,,,,
305,10929,305,0.03627980260120239,1.0,1.0,0.0666173465185566,0.0,0.0,,,,,,
306,10986,306,0.0628714511920407,0.0,0.0,,,,,,,,,
307,11003,307,0.03564674148045015,1.0,1.0,,,,,,,,,
308,11028,308,0.034576704639572804,1.0,1.0,,,,,,,,,
309,11053,309,0.02547025547145798,1.0,1.0,,,,,,,,,
310,11094,310,0.03508201713068411,1.0,1.0,,,,,,,,,
311,11127,311,0.03985601470863913,1.0,1.0,,,,,,,,,
312,11176,312,0.06747497079588356,0.0,0.0,,,,,,,,,
313,11201,313,0.09756774504188795,0.0,0.0,0.01617489381072422,1.0,1.0,,,,,,
314,11234,314,0.11727961654425599,0.0,0.0,,,,,,,,,
315,11275,315,0.04706092952715699,1.0,1.0,,,,,,,,,
316,11316,316,0.051574386142776346,1.0,1.0,,,,,,,,,
317,11341,317,0.08472688628709875,0.0,0.0,,,,,,,,,
318,11382,318,0.06233366769459099,0.0,0.0,,,,,,,,,
319,11407,319,0.07163776485443425,0.0,0.0,,,,,,,,,
320,11448,320,0.03660210854408796,1.0,1.0,,,,,,,,,
321,11513,321,0.033285698688232515,1.0,1.0,0.03680330792713599,1.0,1.0,,,,,,
322,11554,322,0.08177267616149038,0.0,0.0,,,,,,,,,
323,11571,323,0.03888441151066217,1.0,1.0,,,,,,,,,
324,11588,324,0.05369968136714305,1.0,1.0,,,,,,,,,
325,11605,325,0.1361870942771202,0.0,0.0,,,,,,,,,
326,11646,326,0.03166853676782921,1.0,1.0,,,,,,,,,
327,11679,327,0.05643455765704858,0.0,0.0,,,,,,,,,
328,11712,328,0.038581486425246114,1.0,1.0,,,,,,,,,
329,11745,329,0.06740075760189938,0.0,0.0,0.04421789610292762,1.0,1.0,,,,,,
330,11778,330,0.04046788732346614,1.0,1.0,,,,,,,,,
331,11835,331,0.03867493018541219,1.0,1.0,,,,,,,,,
332,11868,332,0.029492275586235336,1.0,1.0,,,,,,,,,
333,11909,333,0.055250967778498306,1.0,1.0,,,,,,,,,
334,11926,334,0.04941267228423385,1.0,1.0,,,,,,,,,
335,11959,335,0.047683566055202395,1.0,1.0,,,,,,,,,
336,11992,336,0.04998524318099953,1.0,1.0,,,,,,,,,
337,12017,337,0.059183344097497564,0.0,0.0,0.036328067487420415,1.0,1.0,,,,,,
338,12050,338,0.043631643107219134,1.0,1.0,,,,,,,,,
339,12075,339,0.09996823825485382,0.0,0.0,,,,,,,,,
340,12124,340,0.03769239645334892,1.0,1.0,,,,,,,,,
341,12165,341,0.08319162739324384,0.0,0.0,,,,,,,,,
342,12198,342,0.04730517642339692,0.0,0.0,,,,,,,,,
343,12223,343,0.04998386205057613,1.0,1.0,,,,,,,,,
344,12256,344,0.0602556956402259,1.0,1.0,,,,,,,,,
345,12297,345,0.05706484186137095,0.0,0.0,0.04664832473485149,1.0,1.0,,,,,,
346,12338,346,0.04131232305243611,1.0,1.0,,,,,,,,,
347,12363,347,0.05496319861461719,1.0,1.0,,,,,,,,,
348,12404,348,0.037604049175046395,1.0,1.0,,,,,,,,,
349,12461,349,0.04298398338948443,0.0,0.0,,,,,,,,,
350,12494,350,0.05228490732610226,1.0,1.0,,,,,,,,,
351,12527,351,0.04670524308327004,1.0,1.0,,,,,,,,,
352,12560,352,0.05988575820665574,0.0,0.0,,,,,,,,,
353,12585,353,0.056790716754427796,1.0,1.0,0.051261270294032456,1.0,1.0,,,,,,
354,12642,354,0.05275042928231413,0.0,0.0,,,,,,,,,
355,12683,355,0.03600537334964611,1.0,1.0,,,,0.8510638475418091,0.8823529411764706,0.75,0.9259259259259259,0.9214901030788629,0.8108108108108107
356,12716,356,0.025102647645398976,1.0,1.0,,,,,,,,,
357,12749,357,0.043817863334552384,1.0,1.0,,,,,,,,,
358,12806,358,0.04683255818572694,0.0,0.0,,,,,,,,,
359,12831,359,0.046877049293058616,1.0,1.0,,,,,,,,,
360,12872,360,0.051756519816714,1.0,1.0,,,,,,,,,
361,12905,361,0.0398847136229233,1.0,1.0,0.04593585745082236,1.0,1.0,,,,,,
362,12938,362,0.03457961238076678,1.0,1.0,,,,,,,,,
363,12971,363,0.030819276157999412,1.0,1.0,,,,,,,,,
364,12988,364,0.027542006080038844,1.0,1.0,,,,,,,,,
365,13029,365,0.024215606514888355,1.0,1.0,,,,,,,,,
366,13070,366,0.03801798211887945,1.0,1.0,,,,,,,,,
367,13087,367,0.1317198880459182,0.0,0.0,,,,,,,,,
368,13120,368,0.04737604641828511,0.0,0.0,,,,,,,,,
369,13153,369,0.018483493863277543,1.0,1.0,0.02619579492375488,1.0,1.0,,,,,,
370,13178,370,0.02567873638356104,1.0,1.0,,,,,,,,,
371,13203,371,0.04136371554632205,1.0,1.0,,,,,,,,,
372,13244,372,0.03960182035635808,1.0,1.0,,,,,,,,,
373,13269,373,0.07345013857945255,0.0,0.0,,,,,,,,,
374,13294,374,0.0373082935406516,1.0,1.0,,,,,,,,,
375,13335,375,0.03623581063677557,1.0,1.0,,,,,,,,,
376,13440,376,0.052169675031551524,0.0,0.0,,,,,,,,,
377,13473,377,0.05382046412125419,1.0,1.0,0.12901148756325712,0.0,0.0,,,,,,
378,13514,378,0.06998047446110288,0.0,0.0,,,,,,,,,
379,13571,379,0.05860553001585815,0.0,0.0,,,,,,,,,
380,13612,380,0.04028029542090372,1.0,1.0,,,,,,,,,
381,13645,381,0.044171496380367894,1.0,1.0,,,,,,,,,
382,13678,382,0.054652437439217466,0.0,0.0,,,,,,,,,
383,13727,383,0.039227317341671245,1.0,1.0,,,,,,,,,
384,13760,384,0.05380717674459447,0.0,0.0,,,,,,,,,
385,13785,385,0.0634740598128216,0.0,0.0,0.034586666203103966,1.0,1.0,,,,,,
386,13818,386,0.06786802059003094,0.0,0.0,,,,,,,,,
387,13835,387,0.03521906340960413,1.0,1.0,,,,,,,,,
388,13860,388,0.030220506887417287,1.0,1.0,,,,,,,,,
389,13885,389,0.059522560956732674,0.0,0.0,,,,,,,,,
390,13926,390,0.02179300816124305,1.0,1.0,,,,,,,,,
391,13951,391,0.025512345577590165,1.0,1.0,,,,,,,,,
392,13976,392,0.01942081199827953,1.0,1.0,,,,,,,,,
393,14009,393,0.07449923868858604,0.0,0.0,0.031551293119573526,1.0,1.0,,,,,,
394,14034,394,0.03909283383147946,1.0,1.0,,,,,,,,,
395,14091,395,0.0690063342070854,0.0,0.0,,,,,,,,,
396,14108,396,0.050465492405564874,1.0,1.0,,,,,,,,,
397,14149,397,0.029798077073413882,1.0,1.0,,,,,,,,,
398,14174,398,0.026847912464290857,1.0,1.0,,,,,,,,,
399,14215,399,0.0641783636297114,0.0,0.0,,,,,,,,,
400,14232,400,0.05536289127376222,1.0,1.0,,,,,,,,,
401,14265,401,0.033781923264068606,1.0,1.0,0.043691054746668664,1.0,1.0,,,,,,
402,14282,402,0.1734689206331677,0.0,0.0,,,,,,,,,
403,14323,403,0.045097999934761906,1.0,1.0,,,,,,,,,
404,14348,404,0.02445237447837523,1.0,1.0,,,,,,,,,
405,14373,405,0.03676537794709778,1.0,1.0,,,,,,,,,
406,14398,406,0.0964438973560027,0.0,0.0,,,,,,,,,
407,14439,407,0.05282712300156709,1.0,1.0,,,,,,,,,
408,14488,408,0.03428500251895457,1.0,1.0,,,,,,,,,
409,14537,409,0.04491870512831762,1.0,1.0,0.11620367146252343,0.0,0.0,,,,,,
410,14570,410,0.03318487736047246,1.0,1.0,,,,,,,,,
411,14619,411,0.037983908563231424,1.0,1.0,,,,,,,,,
412,14652,412,0.022195736179419327,1.0,1.0,,,,,,,,,
413,14669,413,0.08022446908056735,0.0,0.0,,,,,,,,,
414,14694,414,0.02880821936021675,1.0,1.0,,,,,,,,,
415,14743,415,0.0377171732027394,1.0,1.0,,,,,,,,,
416,14776,416,0.0345519953953135,1.0,1.0,,,,,,,,,
417,14833,417,0.03178297972913632,1.0,1.0,0.0401897464535917,1.0,1.0,,,,,,
418,14874,418,0.04025367043225561,1.0,1.0,,,,,,,,,
419,14907,419,0.0467046379117528,1.0,1.0,,,,,,,,,
420,14948,420,0.037221060062758625,1.0,1.0,,,,,,,,,
421,14973,421,0.04390839547471842,1.0,1.0,,,,,,,,,
422,14998,422,0.031303255960810926,1.0,1.0,,,,,,,,,
423,15023,423,0.05822784578621698,1.0,1.0,,,,,,,,,
424,15048,424,0.06311218414009392,0.0,0.0,,,,,,,,,
425,15097,425,0.040389995869481936,1.0,1.0,0.02326922078325879,1.0,1.0,,,,,,
426,15122,426,0.06483464322790193,0.0,0.0,,,,,,,,,
427,15171,427,0.029945314794531445,1.0,1.0,,,,,,,,,
428,15196,428,0.03428280865540728,1.0,1.0,,,,,,,,,
429,15237,429,0.03200523148977663,1.0,1.0,,,,,,,,,
430,15286,430,0.046719845776678995,1.0,1.0,,,,,,,,,
431,15311,431,0.030786716436656814,1.0,1.0,,,,,,,,,
432,15360,432,0.0315337900732023,1.0,1.0,,,,,,,,,
433,15401,433,0.033356113663176076,1.0,1.0,0.03803870819567237,1.0,1.0,,,,,,
434,15426,434,0.03467233394777092,1.0,1.0,,,,,,,,,
435,15459,435,0.038369675267313136,1.0,1.0,,,,,,,,,
436,15476,436,0.024494798510568218,1.0,1.0,,,,,,,,,
437,15501,437,0.23020549569822227,0.0,0.0,,,,,,,,,
438,15526,438,0.23328726529143745,0.0,0.0,,,,,,,,,
439,15583,439,0.025088667081893484,1.0,1.0,,,,,,,,,
440,15656,440,0.03189743529701244,1.0,1.0,,,,,,,,,
441,15689,441,0.02241689206508454,1.0,1.0,0.05442831309977919,1.0,1.0,,,,,,
442,15730,442,0.09631719004060141,0.0,0.0,,,,,,,,,
443,15755,443,0.04703016221518434,1.0,1.0,,,,,,,,,
444,15780,444,0.025437600861575142,1.0,1.0,,,,,,,,,
445,15837,445,0.05174563637485594,0.0,0.0,,,,,,,,,
446,15854,446,0.029574897742131723,1.0,1.0,,,,,,,,,
447,15879,447,0.04611381886992603,1.0,1.0,,,,,,,,,
448,15912,448,0.029617749169119634,1.0,1.0,,,,,,,,,
449,15945,449,0.03588112247351091,1.0,1.0,0.03887287430348806,1.0,1.0,,,,,,
450,15970,450,0.047072030859999364,1.0,1.0,,,,,,,,,
451,15987,451,0.050159486622142146,1.0,1.0,,,,,,,,,
452,16012,452,0.05492979649803601,1.0,1.0,,,,,,,,,
453,16045,453,0.02401683832911658,1.0,1.0,,,,,,,,,
454,16078,454,0.033559493628272326,1.0,1.0,,,,,,,,,
455,16111,455,0.06453923025146652,0.0,0.0,,,,,,,,,
456,16192,456,0.034746727862744596,1.0,1.0,,,,,,,,,
457,16225,457,0.01591416810544615,1.0,1.0,0.02966263114730827,1.0,1.0,,,,,,
458,16290,458,0.03665551050449722,1.0,1.0,,,,,,,,,
459,16315,459,0.04896466599389289,1.0,1.0,,,,,,,,,
460,16372,460,0.04430159264535178,0.0,0.0,,,,,,,,,
461,16413,461,0.029478084106463937,1.0,1.0,,,,,,,,,
462,16446,462,0.053103602957198744,0.0,0.0,,,,,,,,,
463,16487,463,0.07321687208721415,0.0,0.0,,,,,,,,,
464,16512,464,0.22790138736910495,0.0,0.0,,,,,,,,,
465,16553,465,0.03695707557018614,1.0,1.0,0.04972959351502746,0.0,0.0,,,,,,
466,16594,466,0.04157516251760535,1.0,1.0,,,,,,,,,
467,16627,467,0.03668300738714606,1.0,1.0,,,,,,,,,
468,16660,468,0.045485851851990444,1.0,1.0,,,,,,,,,
469,16701,469,0.04992242971900851,0.0,0.0,,,,,,,,,
470,16734,470,0.0555818896141136,1.0,1.0,,,,,,,,,
471,16759,471,0.04969873456245598,1.0,1.0,,,,,,,,,
472,16784,472,0.054348100918092924,1.0,1.0,,,,,,,,,
473,16817,473,0.02501383705326589,1.0,1.0,0.03856109513738193,1.0,1.0,,,,,,
474,16842,474,0.02977884567148673,1.0,1.0,,,,,,,,,
475,16899,475,0.0455636545382939,1.0,1.0,,,,,,,,,
476,16924,476,0.049408704437276664,1.0,1.0,,,,,,,,,
477,16949,477,0.054057076047562685,1.0,1.0,,,,,,,,,
478,16998,478,0.1008986897485253,0.0,0.0,,,,,,,,,
479,17031,479,0.03318912956594432,1.0,1.0,,,,,,,,,
480,17040,480,0.08334252522792668,1.0,1.0,,,,,,,,,
481,17081,481,0.041956733360595536,1.0,1.0,0.04299203230669566,1.0,1.0,,,,,,
482,17130,482,0.04546410428491071,1.0,1.0,,,,,,,,,
483,17163,483,0.0373991093859513,1.0,1.0,,,,,,,,,
484,17196,484,0.04369522831751965,1.0,1.0,,,,,,,,,
485,17221,485,0.0395013346336782,1.0,1.0,,,,,,,,,
486,17238,486,0.0339177715824917,1.0,1.0,,,,,,,,,
487,17271,487,0.030013347151689233,1.0,1.0,,,,,,,,,
488,17352,488,0.0275368191896705,1.0,1.0,,,,,,,,,
489,17465,489,0.032426486124261696,0.0,0.0,0.05546443326259032,1.0,1.0,,,,,,
490,17498,490,0.030743517442024314,1.0,1.0,,,,,,,,,
491,17531,491,0.04612716438045027,1.0,1.0,,,,,,,,,
492,17556,492,0.026423384137063594,1.0,1.0,,,,,,,,,
493,17589,493,0.04627137983123248,1.0,1.0,,,,,,,,,
494,17606,494,0.03244102307595313,1.0,1.0,,,,,,,,,
495,17639,495,0.04997104842856061,1.0,1.0,,,,,,,,,
496,17720,496,0.042679784321808266,1.0,1.0,,,,,,,,,
497,17745,497,0.02538430746411905,1.0,1.0,0.041487306833732876,1.0,1.0,,,,,,
498,17770,498,0.026872951070933293,1.0,1.0,,,,,,,,,
499,17819,499,0.0431772044110888,1.0,1.0,,,,,,,,,
500,17860,500,0.032264793101698164,1.0,1.0,,,,,,,,,
501,17885,501,0.029641832131892438,1.0,1.0,,,,,,,,,
502,17918,502,0.0263307939212973,1.0,1.0,,,,,,,,,
503,17959,503,0.059471532075433056,0.0,0.0,,,,,,,,,
504,17984,504,0.05510038574536641,1.0,1.0,,,,,,,,,
505,18017,505,0.027842965498857664,1.0,1.0,0.03365379400008048,1.0,1.0,,,,,,
506,18042,506,0.05224693405364329,0.0,0.0,,,,,,,,,
507,18067,507,0.03442620256188093,1.0,1.0,,,,,,,,,
508,18092,508,0.03989909197572464,1.0,1.0,,,,,,,,,
509,18125,509,0.05330807878319319,0.0,0.0,,,,,,,,,
510,18158,510,0.0331868885923177,1.0,1.0,,,,,,,,,
511,18215,511,0.032237176336930136,1.0,1.0,,,,,,,,,
512,18240,512,0.13617169072987356,0.0,0.0,,,,,,,,,
513,18281,513,0.04564760063868016,1.0,1.0,0.031201698948570993,1.0,1.0,,,,,,
514,18306,514,0.06012303251579093,1.0,1.0,,,,,,,,,
515,18331,515,0.021811513263576974,1.0,1.0,,,,,,,,,
516,18348,516,0.02646509648591746,1.0,1.0,,,,,,,,,
517,18373,517,0.029269800834202518,1.0,1.0,,,,,,,,,
518,18406,518,0.05642391263296304,1.0,1.0,,,,,,,,,
519,18471,519,0.034224648855160925,1.0,1.0,,,,,,,,,
520,18504,520,0.03150569172896212,1.0,1.0,,,,,,,,,
521,18537,521,0.04471510096016573,1.0,1.0,0.022392740124021655,1.0,1.0,,,,,,
522,18570,522,0.18222209229206782,0.0,0.0,,,,,,,,,
523,18619,523,0.037119636605978786,1.0,1.0,,,,,,,,,
524,18652,524,0.03387747438435326,1.0,1.0,,,,,,,,,
525,18685,525,0.03103508349478943,1.0,1.0,,,,,,,,,
526,18718,526,0.029416000848868862,1.0,1.0,,,,,,,,,
527,18751,527,0.037006731529545506,1.0,1.0,,,,,,,,,
528,18784,528,0.08606785668351222,0.0,0.0,,,,,,,,,
529,18801,529,0.02661504711257294,1.0,1.0,0.0723437351510594,0.0,0.0,,,,,,
530,18826,530,0.028364962773242342,1.0,1.0,,,,,,,,,
531,18851,531,0.08339583061480274,0.0,0.0,,,,,,,,,
532,18892,532,0.0428107788655907,1.0,1.0,,,,,,,,,
533,18917,533,0.07640835517086088,0.0,0.0,,,,,,,,,
534,18974,534,0.0313554962544835,1.0,1.0,,,,,,,,,
535,18999,535,0.020276279122723888,1.0,1.0,,,,,,,,,
536,19040,536,0.05847944908216596,0.0,0.0,,,,,,,,,
537,19073,537,0.03589788141194731,1.0,1.0,0.03994211734136722,1.0,1.0,,,,,,
538,19114,538,0.048042631467571484,0.0,0.0,,,,,,,,,
539,19147,539,0.06439676076581236,0.0,0.0,,,,,,,,,
540,19164,540,0.028307846288662408,1.0,1.0,,,,,,,,,
541,19205,541,0.08789271040353924,0.0,0.0,,,,,,,,,
542,19238,542,0.043627381995411274,1.0,1.0,,,,,,,,,
543,19263,543,0.05797805822308874,0.0,0.0,,,,,,,,,
544,19288,544,0.04318427010361726,1.0,1.0,,,,,,,,,
545,19313,545,0.026578761131192247,1.0,1.0,0.042564234533114365,1.0,1.0,,,,,,
546,19354,546,0.03937278039345984,1.0,1.0,,,,,,,,,
547,19387,547,0.04688336049555801,1.0,1.0,,,,,,,,,
548,19412,548,0.057858410498204955,0.0,0.0,,,,,,,,,
549,19461,549,0.04572515630240862,1.0,1.0,,,,,,,,,
550,19502,550,0.06903564380155877,0.0,0.0,,,,,,,,,
551,19551,551,0.04046110106321672,1.0,1.0,,,,,,,,,
552,19584,552,0.028498975153779613,1.0,1.0,,,,,,,,,
553,19617,553,0.061179443009750686,0.0,0.0,0.030326028163544835,1.0,1.0,,,,,,
554,19658,554,0.04410820380144287,1.0,1.0,,,,,,,,,
555,19699,555,0.08014450269658119,0.0,0.0,,,,,,,,,
556,19732,556,0.07316824630666816,0.0,0.0,,,,,,,,,
557,19749,557,0.14158475092612208,0.0,0.0,,,,,,,,,
558,19790,558,0.031396582060959195,1.0,1.0,,,,,,,,,
559,19815,559,0.02015240770842259,1.0,1.0,,,,,,,,,
560,19840,560,0.05560731356245621,1.0,1.0,,,,,,,,,
561,19865,561,0.04045104650314897,1.0,1.0,0.041574331675656134,1.0,1.0,,,,,,
562,19906,562,0.0377388167041354,1.0,1.0,,,,,,,,,
563,19931,563,0.09761906778517489,0.0,0.0,,,,,,,,,
564,19964,564,0.03867186564602889,1.0,1.0,,,,,,,,,
565,20005,565,0.03118219621479511,1.0,1.0,,,,,,,,,
566,20030,566,0.037890808152830385,1.0,1.0,,,,,,,,,
567,20127,567,0.05204547254747012,0.0,0.0,,,,,,,,,
568,20168,568,0.03792479231534526,1.0,1.0,,,,,,,,,
569,20209,569,0.04407939249416813,1.0,1.0,0.02984356490225764,1.0,1.0,,,,,,
570,20258,570,0.050641528454919656,1.0,1.0,,,,,,,,,
571,20275,571,0.05550060315290466,1.0,1.0,,,,,,,,,
572,20316,572,0.049511891301255676,1.0,1.0,,,,,,,,,
573,20333,573,0.04912008416475146,1.0,1.0,,,,,,,,,
574,20374,574,0.046336883793585006,1.0,1.0,,,,,,,,,
575,20399,575,0.03048758962424472,1.0,1.0,,,,,,,,,
576,20448,576,0.04842031222884542,1.0,1.0,,,,,,,,,
577,20481,577,0.05172324064202257,1.0,1.0,0.03511538816615939,1.0,1.0,,,,,,
578,20514,578,0.036043781982152724,1.0,1.0,,,,,,,,,
579,20571,579,0.03559878626372665,1.0,1.0,,,,,,,,,
580,20604,580,0.04598327126428557,0.0,0.0,,,,,,,,,
581,20629,581,0.027462122788444197,1.0,1.0,,,,,,,,,
582,20654,582,0.02664017762935449,1.0,1.0,,,,,,,,,
583,20671,583,0.029565806650207378,1.0,1.0,,,,,,,,,
584,20696,584,0.10290828068876481,0.0,0.0,,,,,,,,,
585,20713,585,0.04396807108350913,1.0,1.0,0.0443725130351595,1.0,1.0,,,,,,
586,20738,586,0.03680291311492359,1.0,1.0,,,,,,,,,
587,20771,587,0.029982596435038436,1.0,1.0,,,,,,,,,
588,20812,588,0.028450422137917486,1.0,1.0,,,,,,,,,
589,20853,589,0.03750995571668318,1.0,1.0,,,,,,,,,
590,20894,590,0.11767045609332855,0.0,0.0,,,,,,,,,
591,20927,591,0.03471241874940461,1.0,1.0,,,,,,,,,
592,20992,592,0.03622305305347709,1.0,1.0,,,,,,,,,
593,21033,593,0.05126182651746058,0.0,0.0,0.03296546675555874,1.0,1.0,,,,,,
594,21066,594,0.03166975025058491,1.0,1.0,,,,,,,,,
595,21083,595,0.0401348001457518,1.0,1.0,,,,,,,,,
596,21108,596,0.10377052902569023,0.0,0.0,,,,,,,,,
597,21125,597,0.05010722457664088,1.0,1.0,,,,,,,,,
598,21142,598,0.03585530359941913,1.0,1.0,,,,,,,,,
599,21175,599,0.06500254451277214,0.0,0.0,,,,,,,,,
600,21272,600,0.03310330616254456,1.0,1.0,,,,,,,,,
601,21305,601,0.0951693854747782,0.0,0.0,0.03797666006467807,1.0,1.0,,,,,,
602,21346,602,0.04499321352745028,1.0,1.0,,,,,,,,,
603,21387,603,0.022361324093770236,1.0,1.0,,,,,,,,,
604,21420,604,0.027907710395738836,1.0,1.0,,,,,,,,,
605,21461,605,0.06128857006432373,1.0,1.0,,,,,,,,,
606,21494,606,0.056311460333381545,0.0,0.0,,,,,,,,,
607,21511,607,0.08168318684067344,0.0,0.0,,,,,,,,,
608,21552,608,0.036990292573522314,1.0,1.0,,,,,,,,,
609,21577,609,0.06969795674163226,0.0,0.0,0.022895618791349076,1.0,1.0,,,,,,
610,21602,610,0.035380540938446454,1.0,1.0,,,,,,,,,
611,21635,611,0.05326389110414312,1.0,1.0,,,,,,,,,
612,21652,612,0.05175059806657373,1.0,1.0,,,,,,,,,
613,21701,613,0.029561652177023157,1.0,1.0,,,,,,,,,
614,21726,614,0.03363343021720842,1.0,1.0,,,,,,,,,
615,21743,615,0.0312506020363071,1.0,1.0,,,,,,,,,
616,21768,616,0.027909849305005986,1.0,1.0,,,,,,,,,
617,21801,617,0.02935401643044315,1.0,1.0,0.0301195648740395,1.0,1.0,,,,,,
618,21834,618,0.07953636759368238,0.0,0.0,,,,,,,,,
619,21867,619,0.03456050084219896,1.0,1.0,,,,,,,,,
620,21884,620,0.028968609581820605,1.0,1.0,,,,,,,,,
621,21917,621,0.034149765884940286,1.0,1.0,,,,,,,,,
622,21942,622,0.06457623082964953,0.0,0.0,,,,,,,,,
623,21967,623,0.04215020139691962,1.0,1.0,,,,,,,,,
624,22016,624,0.059123284994857375,1.0,1.0,,,,,,,,,
625,22041,625,0.03834526335223927,1.0,1.0,0.0233279363559753,1.0,1.0,,,,,,
626,22106,626,0.042777966007415666,1.0,1.0,,,,,,,,,
627,22163,627,0.03890697289741574,1.0,1.0,,,,,,,,,
628,22188,628,0.05630091056934664,1.0,1.0,,,,,,,,,
629,22229,629,0.04694219660328236,0.0,0.0,,,,,,,,,
630,22262,630,0.06009099420236452,1.0,1.0,,,,,,,,,
631,22303,631,0.039561602632282304,1.0,1.0,,,,,,,,,
632,22328,632,0.02551439270066718,1.0,1.0,,,,,,,,,
633,22361,633,0.03099877799220849,1.0,1.0,0.016724533841091516,1.0,1.0,,,,,,
634,22418,634,0.048708058870563814,1.0,1.0,,,,,,,,,
635,22467,635,0.07659414301956227,0.0,0.0,,,,,,,,,
636,22500,636,0.04016706289548892,1.0,1.0,,,,,,,,,
637,22589,637,0.08362586082911797,0.0,0.0,,,,,,,,,
638,22710,638,0.050251527588930915,0.0,0.0,,,,,,,,,
639,22751,639,0.035167014265665784,1.0,1.0,,,,,,,,,
640,22784,640,0.16669439570396208,0.0,0.0,,,,,,,,,
641,22817,641,0.03155098509363597,1.0,1.0,0.0284653987591931,1.0,1.0,,,,,,
642,22850,642,0.07215239892480896,0.0,0.0,,,,,,,,,
643,22883,643,0.041103809382802864,1.0,1.0,,,,,,,,,
644,22908,644,0.046772312444324296,1.0,1.0,,,,,,,,,
645,22949,645,0.03693649989087135,1.0,1.0,,,,,,,,,
646,22990,646,0.028190839768736622,1.0,1.0,,,,,,,,,
647,23039,647,0.05294374495802913,0.0,0.0,,,,,,,,,
648,23064,648,0.02907573582488112,1.0,1.0,,,,,,,,,
649,23089,649,0.045516575073900944,1.0,1.0,0.05132300450524781,1.0,1.0,,,,,,
650,23138,650,0.0374375468500269,1.0,1.0,,,,,,,,,
651,23219,651,0.03276805404257902,1.0,1.0,,,,,,,,,
652,23268,652,0.031076940715817424,1.0,1.0,,,,,,,,,
653,23301,653,0.02543466923674259,1.0,1.0,,,,,,,,,
654,23326,654,0.04028757501000654,1.0,1.0,,,,,,,,,
655,23367,655,0.04832081382302568,0.0,0.0,,,,,,,,,
656,23416,656,0.049289724991831464,0.0,0.0,,,,,,,,,
657,23441,657,0.06658030941257798,0.0,0.0,0.0450604395812843,1.0,1.0,,,,,,
658,23482,658,0.03561187325272477,1.0,1.0,,,,,,,,,
659,23515,659,0.038433780431332706,1.0,1.0,,,,,,,,,
660,23580,660,0.03368447889093204,1.0,1.0,,,,,,,,,
661,23629,661,0.0583259994618129,1.0,1.0,,,,,,,,,
662,23662,662,0.03538276611660876,1.0,1.0,,,,,,,,,
663,23695,663,0.05147475527242932,1.0,1.0,,,,,,,,,
664,23728,664,0.04878331165789859,1.0,1.0,,,,,,,,,
665,23745,665,0.05280315773787152,1.0,1.0,0.031834490359760825,1.0,1.0,,,,,,
666,23762,666,0.12506482721772044,0.0,0.0,,,,,,,,,
667,23827,667,0.057361361676084924,0.0,0.0,,,,,,,,,
668,23860,668,0.16164107756339946,0.0,0.0,,,,,,,,,
669,23901,669,0.05084919936931692,1.0,1.0,,,,,,,,,
670,23926,670,0.02498587223392557,1.0,1.0,,,,,,,,,
671,23951,671,0.031696305824443695,1.0,1.0,,,,,,,,,
672,23984,672,0.03930531963531393,1.0,1.0,,,,,,,,,
673,24033,673,0.04073890571125958,1.0,1.0,0.03318317257197728,1.0,1.0,,,,,,
674,24066,674,0.04503736671862498,1.0,1.0,,,,,,,,,
675,24115,675,0.031946078258770286,1.0,1.0,,,,,,,,,
676,24148,676,0.05031103865894693,1.0,1.0,,,,,,,,,
677,24173,677,0.051169426520573325,1.0,1.0,,,,,,,,,
678,24198,678,0.025211529796312485,1.0,1.0,,,,,,,,,
679,24231,679,0.027627979292010423,1.0,1.0,,,,,,,,,
680,24272,680,0.04556148372311145,1.0,1.0,,,,,,,,,
681,24321,681,0.04884941720411007,1.0,1.0,0.06140834527130939,0.0,0.0,,,,,,
682,24362,682,0.11849636040243786,0.0,0.0,,,,,,,,,
683,24403,683,0.06890644541854272,0.0,0.0,,,,,,,,,
684,24428,684,0.022827446531834234,1.0,1.0,,,,,,,,,
685,24469,685,0.02043644288790529,1.0,1.0,,,,,,,,,
686,24534,686,0.02761591434398724,1.0,1.0,,,,,,,,,
687,24567,687,0.03869600422864096,1.0,1.0,,,,,,,,,
688,24592,688,0.04022043097880669,1.0,1.0,,,,,,,,,
689,24625,689,0.012671919412678109,1.0,1.0,0.05305494570794206,1.0,1.0,,,,,,
690,24674,690,0.029842492734314875,1.0,1.0,,,,,,,,,
691,24715,691,0.03382730197627098,1.0,1.0,,,,,,,,,
692,24756,692,0.06447306657675654,0.0,0.0,,,,,,,,,
693,24781,693,0.046747014522358465,1.0,1.0,,,,,,,,,
694,24814,694,0.039212522949674165,1.0,1.0,,,,,,,,,
695,24863,695,0.05849819888030955,0.0,0.0,,,,,,,,,
696,24888,696,0.05086998349676529,1.0,1.0,,,,,,,,,
697,24929,697,0.04450647377083078,1.0,1.0,0.03371541878231802,1.0,1.0,,,,,,
698,24962,698,0.07066484591450717,0.0,0.0,,,,,,,,,
699,24995,699,0.04868769363312822,0.0,0.0,,,,,,,,,
700,25020,700,0.036973878451826744,1.0,1.0,,,,,,,,,
701,25053,701,0.022390568391929266,1.0,1.0,,,,,,,,,
702,25078,702,0.02889366501321395,1.0,1.0,,,,,,,,,
703,25111,703,0.03215457781421719,1.0,1.0,,,,,,,,,
704,25152,704,0.032102339031058365,1.0,1.0,,,,,,,,,
705,25193,705,0.042983168004080655,1.0,1.0,0.03697205707628746,1.0,1.0,,,,,,
706,25210,706,0.2800066534826329,0.0,0.0,,,,,,,,,
707,25259,707,0.04294511376715188,1.0,1.0,,,,,,,,,
708,25284,708,0.027982769302713373,1.0,1.0,,,,,,,,,
709,25325,709,0.04136286694445881,1.0,1.0,,,,,,,,,
710,25350,710,0.03041760614917924,1.0,1.0,,,,0.7234042286872864,0.6129032258064516,0.95,0.8611111111111112,0.8327950549042215,0.7450980392156863
711,25375,711,0.02753715887083672,1.0,1.0,,,,,,,,,
712,25400,712,0.04234226412915935,1.0,1.0,,,,,,,,,
713,25433,713,0.0433935161671252,1.0,1.0,0.042449090355533244,1.0,1.0,,,,,,
714,25466,714,0.04132857701282774,1.0,1.0,,,,,,,,,
715,25483,715,0.021638927259482445,1.0,1.0,,,,,,,,,
716,25516,716,0.032068707258804355,1.0,1.0,,,,,,,,,
717,25557,717,0.03348407856162521,1.0,1.0,,,,,,,,,
718,25622,718,0.03535307580908466,1.0,1.0,,,,,,,,,
719,25647,719,0.028385026110336185,1.0,1.0,,,,,,,,,
720,25680,720,0.026636244066467044,1.0,1.0,,,,,,,,,
721,25777,721,0.034702050370785095,1.0,1.0,0.04884326809485043,1.0,1.0,,,,,,
722,25890,722,0.02047479023694645,1.0,1.0,,,,,,,,,
723,25923,723,0.042077573826973094,1.0,1.0,,,,,,,,,
724,25980,724,0.03401713642352011,1.0,1.0,,,,,,,,,
725,26021,725,0.030605747206485834,1.0,1.0,,,,,,,,,
726,26038,726,0.03047984824574087,1.0,1.0,,,,,,,,,
727,26079,727,0.043359681758563966,1.0,1.0,,,,,,,,,
728,26120,728,0.03281257955255569,1.0,1.0,,,,,,,,,
729,26161,729,0.03806806710106321,1.0,1.0,0.04596949251303159,1.0,1.0,,,,,,
730,26186,730,0.05367857106907953,1.0,1.0,,,,,,,,,
731,26227,731,0.021418527879752222,1.0,1.0,,,,,,,,,
732,26276,732,0.02629465172622683,1.0,1.0,,,,,,,,,
733,26309,733,0.029232699000276627,1.0,1.0,,,,,,,,,
734,26334,734,0.041968810109344,1.0,1.0,,,,,,,,,
735,26367,735,0.027085538618630382,1.0,1.0,,,,,,,,,
736,26416,736,0.0366299562099933,1.0,1.0,,,,,,,,,
737,26497,737,0.03552850106253754,1.0,1.0,0.027085324144398328,1.0,1.0,,,,,,
738,26530,738,0.02754392975039082,1.0,1.0,,,,,,,,,
739,26555,739,0.0376888545245553,1.0,1.0,,,,,,,,,
740,26588,740,0.023241695475735468,1.0,1.0,,,,,,,,,
741,26621,741,0.032278393199667334,1.0,1.0,,,,,,,,,
742,26646,742,0.020627871346659957,1.0,1.0,,,,,,,,,
743,26711,743,0.059965197111596355,0.0,0.0,,,,,,,,,
744,26744,744,0.02666374105552677,1.0,1.0,,,,,,,,,
745,26785,745,0.0446624824340106,1.0,1.0,0.02250250476936344,1.0,1.0,,,,,,
746,26818,746,0.02250386318570236,1.0,1.0,,,,,,,,,
747,26851,747,0.022001952719292606,1.0,1.0,,,,,,,,,
748,26908,748,0.03764138246778332,1.0,1.0,,,,,,,,,
749,26933,749,0.022756020575373744,1.0,1.0,,,,,,,,,
750,26966,750,0.03572954404968186,1.0,1.0,,,,,,,,,
751,26983,751,0.14886689418926835,0.0,0.0,,,,,,,,,
752,27016,752,0.029751895230510854,1.0,1.0,,,,,,,,,
753,27033,753,0.031125104479724542,1.0,1.0,0.030667823430267166,1.0,1.0,,,,,,
754,27074,754,0.042589238296961415,1.0,1.0,,,,,,,,,
755,27115,755,0.02276091549522244,1.0,1.0,,,,,,,,,
756,27140,756,0.020224646203472127,1.0,1.0,,,,,,,,,
757,27165,757,0.03410353628646892,1.0,1.0,,,,,,,,,
758,27198,758,0.04858694285911043,0.0,0.0,,,,,,,,,
759,27239,759,0.035337207386735826,1.0,1.0,,,,,,,,,
760,27264,760,0.024718841418701537,1.0,1.0,,,,,,,,,
761,27289,761,0.021040844902551425,1.0,1.0,0.07220233940419608,0.0,0.0,,,,,,
762,27370,762,0.025965010844724024,1.0,1.0,,,,,,,,,
763,27411,763,0.0352468250587117,1.0,1.0,,,,,,,,,
764,27436,764,0.051218919737148094,1.0,1.0,,,,,,,,,
765,27485,765,0.026352857436674336,1.0,1.0,,,,,,,,,
766,27542,766,0.041161374859886045,1.0,1.0,,,,,,,,,
767,27567,767,0.041738068119933205,1.0,1.0,,,,,,,,,
768,27584,768,0.03088213537586853,1.0,1.0,,,,,,,,,
769,27633,769,0.06914086625998606,0.0,0.0,0.04036695245728229,1.0,1.0,,,,,,
770,27658,770,0.028562428753745428,1.0,1.0,,,,,,,,,
771,27683,771,0.03682864575530402,1.0,1.0,,,,,,,,,
772,27716,772,0.025103387976996603,1.0,1.0,,,,,,,,,
773,27757,773,0.060969898260431366,0.0,0.0,,,,,,,,,
774,27814,774,0.029179669958248267,1.0,1.0,,,,,,,,,
775,27847,775,0.04885303398623364,0.0,0.0,,,,,,,,,
776,27880,776,0.03197260400978849,1.0,1.0,,,,,,,,,
777,27945,777,0.02441488937845861,1.0,1.0,0.05067894811881706,1.0,1.0,,,,,,
778,27994,778,0.04399888118030504,1.0,1.0,,,,,,,,,
779,28019,779,0.024809519550787324,1.0,1.0,,,,,,,,,
780,28044,780,0.025408902037646234,1.0,1.0,,,,,,,,,
781,28085,781,0.03125745345011819,1.0,1.0,,,,,,,,,
782,28126,782,0.031183821258775425,1.0,1.0,,,,,,,,,
783,28159,783,0.011959642298565994,1.0,1.0,,,,,,,,,
784,28192,784,0.029998162875999695,1.0,1.0,,,,,,,,,
785,28225,785,0.03135600451380015,1.0,1.0,0.0402682377025667,1.0,1.0,,,,,,
786,28250,786,0.0368863380322,1.0,1.0,,,,,,,,,
787,28283,787,0.02303539202926913,1.0,1.0,,,,,,,,,
788,28308,788,0.03022886820855395,1.0,1.0,,,,,,,,,
789,28325,789,0.02673438813129906,1.0,1.0,,,,,,,,,
790,28366,790,0.0314408376509091,1.0,1.0,,,,,,,,,
791,28399,791,0.02033054050152714,1.0,1.0,,,,,,,,,
792,28424,792,0.01937777363869827,1.0,1.0,,,,,,,,,
793,28457,793,0.033156706599402244,1.0,1.0,0.02809800945891766,1.0,1.0,,,,,,
794,28474,794,0.030957246317120733,1.0,1.0,,,,,,,,,
795,28491,795,0.028029059249165583,1.0,1.0,,,,,,,,,
796,28540,796,0.03849245345569216,1.0,1.0,,,,,,,,,
797,28573,797,0.02398181753771496,1.0,1.0,,,,,,,,,
798,28598,798,0.029799198215672125,1.0,1.0,,,,,,,,,
799,28639,799,0.03510531178500969,1.0,1.0,,,,,,,,,
800,28672,800,0.043690523259283506,1.0,1.0,,,,,,,,,
801,28705,801,0.033175720375729724,1.0,1.0,0.09514562891177775,0.0,0.0,,,,,,
802,28738,802,0.02874783277025017,1.0,1.0,,,,,,,,,
803,28779,803,0.03586758276697947,1.0,1.0,,,,,,,,,
804,28804,804,0.037021430915580515,1.0,1.0,,,,,,,,,
805,28829,805,0.10471500179710953,0.0,0.0,,,,,,,,,
806,28846,806,0.020453735241899265,1.0,1.0,,,,,,,,,
807,28879,807,0.05434359516420954,0.0,0.0,,,,,,,,,
808,28904,808,0.0240925251529552,1.0,1.0,,,,,,,,,
809,28953,809,0.047464138029827144,1.0,1.0,0.061698800706556846,0.0,0.0,,,,,,
810,28986,810,0.034657623657258226,1.0,1.0,,,,,,,,,
811,29003,811,0.019604752805316823,1.0,1.0,,,,,,,,,
812,29028,812,0.019799556801881408,1.0,1.0,,,,,,,,,
813,29069,813,0.033669627718161795,1.0,1.0,,,,,,,,,
814,29094,814,0.019522307360117945,1.0,1.0,,,,,,,,,
815,29119,815,0.018470221419781108,1.0,1.0,,,,,,,,,
816,29152,816,0.03609566870247363,1.0,1.0,,,,,,,,,
817,29177,817,0.023724826853334283,1.0,1.0,0.03754314912980286,1.0,1.0,,,,,,
818,29218,818,0.03809992553456687,1.0,1.0,,,,,,,,,
819,29251,819,0.018463575824443978,1.0,1.0,,,,,,,,,
820,29284,820,0.04128241975602577,1.0,1.0,,,,,,,,,
821,29317,821,0.02377250091551105,1.0,1.0,,,,,,,,,
822,29342,822,0.016245024216477756,1.0,1.0,,,,,,,,,
823,29367,823,0.032513444098488734,1.0,1.0,,,,,,,,,
824,29408,824,0.03356729253474623,1.0,1.0,,,,,,,,,
825,29433,825,0.02785538549457366,1.0,1.0,0.02730543757090345,1.0,1.0,,,,,,
826,29450,826,0.020662439810403155,1.0,1.0,,,,,,,,,
827,29483,827,0.03798084156907862,1.0,1.0,,,,,,,,,
828,29516,828,0.04257441119669238,1.0,1.0,,,,,,,,,
829,29565,829,0.03244775203502892,1.0,1.0,,,,,,,,,
830,29614,830,0.027505284565947172,1.0,1.0,,,,,,,,,
831,29655,831,0.02671005417394917,1.0,1.0,,,,,,,,,
832,29696,832,0.0690895200468367,0.0,0.0,,,,,,,,,
833,29729,833,0.028245780621582527,1.0,1.0,0.030381907804548976,1.0,1.0,,,,,,
834,29778,834,0.0279163406670826,1.0,1.0,,,,,,,,,
835,29803,835,0.07287449704696579,0.0,0.0,,,,,,,,,
836,29860,836,0.032835896101273,1.0,1.0,,,,,,,,,
837,29885,837,0.02329449965191694,1.0,1.0,,,,,,,,,
838,29918,838,0.02651975919143297,1.0,1.0,,,,,,,,,
839,29943,839,0.025416558038753763,1.0,1.0,,,,,,,,,
840,29976,840,0.026456119201611727,1.0,1.0,,,,,,,,,
841,30017,841,0.030834647284587846,1.0,1.0,0.042644589906534136,1.0,1.0,,,,,,
842,30050,842,0.026511430342216043,1.0,1.0,,,,,,,,,
843,30099,843,0.02992153768413118,1.0,1.0,,,,,,,,,
844,30132,844,0.018345798080081292,1.0,1.0,,,,,,,,,
845,30141,845,0.013239187186118214,1.0,1.0,,,,,,,,,
846,30182,846,0.05624027254400426,0.0,0.0,,,,,,,,,
847,30207,847,0.023150811221469975,1.0,1.0,,,,,,,,,
848,30240,848,0.01876198326528538,1.0,1.0,,,,,,,,,
849,30289,849,0.12000013429382912,0.0,0.0,0.04043340974130842,1.0,1.0,,,,,,
850,30330,850,0.034608222433365886,1.0,1.0,,,,,,,,,
851,30395,851,0.03832197842741152,1.0,1.0,,,,,,,,,
852,30428,852,0.019643807617758285,1.0,1.0,,,,,,,,,
853,30453,853,0.026336374451081307,1.0,1.0,,,,,,,,,
854,30486,854,0.023126350388847642,1.0,1.0,,,,,,,,,
855,30519,855,0.029345322065782966,1.0,1.0,,,,,,,,,
856,30560,856,0.02820620806454099,1.0,1.0,,,,,,,,,
857,30585,857,0.03643222222744953,1.0,1.0,0.058793482975597736,0.0,0.0,,,,,,
858,30626,858,0.029185412321821785,1.0,1.0,,,,,,,,,
859,30675,859,0.03593660252762977,1.0,1.0,,,,,,,,,
860,30716,860,0.023900300016859548,1.0,1.0,,,,,,,,,
861,30733,861,0.012933944430842531,1.0,1.0,,,,,,,,,
862,30774,862,0.020218726185266864,1.0,1.0,,,,,,,,,
863,30823,863,0.026319146348881384,1.0,1.0,,,,,,,,,
864,30848,864,0.034350203511639844,1.0,1.0,,,,,,,,,
865,30881,865,0.029836821551034516,1.0,1.0,0.028131524015770994,1.0,1.0,,,,,,
866,30922,866,0.036149717751250136,1.0,1.0,,,,,,,,,
867,30979,867,0.04140490907220478,1.0,1.0,,,,,,,,,
868,31044,868,0.028243931035956394,1.0,1.0,,,,,,,,,
869,31069,869,0.018010237151611364,1.0,1.0,,,,,,,,,
870,31094,870,0.03119700422820946,1.0,1.0,,,,,,,,,
871,31119,871,0.0131146110132795,1.0,1.0,,,,,,,,,
872,31152,872,0.025428784036557774,1.0,1.0,,,,,,,,,
873,31169,873,0.021151490539486985,1.0,1.0,0.04411794500949327,1.0,1.0,,,,,,
874,31210,874,0.03255722318432527,1.0,1.0,,,,,,,,,
875,31243,875,0.03318801001172687,1.0,1.0,,,,,,,,,
876,31268,876,0.01626916401112491,1.0,1.0,,,,,,,,,
877,31301,877,0.025711017604335213,1.0,1.0,,,,,,,,,
878,31334,878,0.02894712426224942,1.0,1.0,,,,,,,,,
879,31431,879,0.049223967738992846,0.0,0.0,,,,,,,,,
880,31456,880,0.039623922087339454,1.0,1.0,,,,,,,,,
881,31489,881,0.0334046535390371,1.0,1.0,0.12636189462864422,0.0,0.0,,,,,,
882,31506,882,0.2849232923783711,0.0,0.0,,,,,,,,,
883,31531,883,0.04735877557987503,1.0,1.0,,,,,,,,,
884,31556,884,0.035819214268109745,1.0,1.0,,,,,,,,,
885,31589,885,0.017149577475574915,1.0,1.0,,,,,,,,,
886,31614,886,0.022955942891145848,1.0,1.0,,,,,,,,,
887,31639,887,0.11047968894568233,0.0,0.0,,,,,,,,,
888,31680,888,0.032453084099572156,1.0,1.0,,,,,,,,,
889,31713,889,0.03737681427213829,1.0,1.0,0.03240187238901854,1.0,1.0,,,,,,
890,31738,890,0.0285073139249774,1.0,1.0,,,,,,,,,
891,31763,891,0.028748671255113246,1.0,1.0,,,,,,,,,
892,31796,892,0.019146487054676982,1.0,1.0,,,,,,,,,
893,31837,893,0.020951197432936174,1.0,1.0,,,,,,,,,
894,31894,894,0.026850796797703618,1.0,1.0,,,,,,,,,
895,31927,895,0.023451070642022384,1.0,1.0,,,,,,,,,
896,31976,896,0.0434477161167888,1.0,1.0,,,,,,,,,
897,32009,897,0.026566309337977146,1.0,1.0,0.1528113872250542,0.0,0.0,,,,,,
898,32042,898,0.029073706009021406,1.0,1.0,,,,,,,,,
899,32059,899,0.02968151905297418,1.0,1.0,,,,,,,,,
900,32084,900,0.01871763845347838,1.0,1.0,,,,,,,,,
901,32133,901,0.044788421541452406,1.0,1.0,,,,,,,,,
902,32158,902,0.0190809716967154,1.0,1.0,,,,,,,,,
903,32191,903,0.024848586844655074,1.0,1.0,,,,,,,,,
904,32216,904,0.019880478886479976,1.0,1.0,,,,,,,,,
905,32241,905,0.018722526587043833,1.0,1.0,0.019036520895800397,1.0,1.0,,,,,,
906,32258,906,0.01973870984709265,1.0,1.0,,,,,,,,,
907,32307,907,0.034021457185081094,1.0,1.0,,,,,,,,,
908,32324,908,0.026114765765960328,1.0,1.0,,,,,,,,,
909,32341,909,0.017988817735022165,1.0,1.0,,,,,,,,,
910,32446,910,0.03618320503546364,1.0,1.0,,,,,,,,,
911,32479,911,0.027546524278795913,1.0,1.0,,,,,,,,,
912,32504,912,0.023228041267963517,1.0,1.0,,,,,,,,,
913,32553,913,0.03681483443345011,1.0,1.0,0.022779183665415984,1.0,1.0,,,,,,
914,32586,914,0.030887133346955125,1.0,1.0,,,,,,,,,
915,32627,915,0.026762632789665078,1.0,1.0,,,,,,,,,
916,32660,916,0.02285716898566534,1.0,1.0,,,,,,,,,
917,32685,917,0.019439041230280053,1.0,1.0,,,,,,,,,
918,32718,918,0.022728895731124795,1.0,1.0,,,,,,,,,
919,32743,919,0.029658800869753272,1.0,1.0,,,,,,,,,
920,32760,920,0.02017225080047865,1.0,1.0,,,,,,,,,
921,32785,921,0.030268923024135197,1.0,1.0,0.06965319469811221,0.0,0.0,,,,,,
922,32906,922,0.03579019323554045,1.0,1.0,,,,,,,,,
923,32963,923,0.04057804844383748,1.0,1.0,,,,,,,,,
924,32996,924,0.11573147685785444,0.0,0.0,,,,,,,,,
925,33037,925,0.04701332375290804,1.0,1.0,,,,,,,,,
926,33062,926,0.021784988850825658,1.0,1.0,,,,,,,,,
927,33087,927,0.026043478156255635,1.0,1.0,,,,,,,,,
928,33128,928,0.022817299601389097,1.0,1.0,,,,,,,,,
929,33145,929,0.02622143236221746,1.0,1.0,0.07506559529496978,0.0,0.0,,,,,,
930,33170,930,0.03274873949276904,1.0,1.0,,,,,,,,,
931,33219,931,0.04491157715970985,1.0,1.0,,,,,,,,,
932,33244,932,0.0202907734879894,1.0,1.0,,,,,,,,,
933,33277,933,0.04265153077361901,1.0,1.0,,,,,,,,,
934,33318,934,0.042321236703399344,1.0,1.0,,,,,,,,,
935,33367,935,0.03449806438535839,1.0,1.0,,,,,,,,,
936,33408,936,0.04597923607865232,1.0,1.0,,,,,,,,,
937,33449,937,0.02765962175413733,1.0,1.0,0.05158339595113648,0.0,0.0,,,,,,
938,33474,938,0.015982185008081917,1.0,1.0,,,,,,,,,
939,33515,939,0.0269364336138824,1.0,1.0,,,,,,,,,
940,33596,940,0.04500187090301188,1.0,1.0,,,,,,,,,
941,33621,941,0.041966246493199535,1.0,1.0,,,,,,,,,
942,33654,942,0.02301381633053097,1.0,1.0,,,,,,,,,
943,33679,943,0.022171377003445132,1.0,1.0,,,,,,,,,
944,33704,944,0.021746864928585026,1.0,1.0,,,,,,,,,
945,33737,945,0.04790641683018748,1.0,1.0,0.043986516513487006,1.0,1.0,,,,,,
946,33786,946,0.04496969277008853,1.0,1.0,,,,,,,,,
947,33835,947,0.035765338396401294,1.0,1.0,,,,,,,,,
948,33852,948,0.006906862142932369,1.0,1.0,,,,,,,,,
949,33885,949,0.030327112364107053,1.0,1.0,,,,,,,,,
950,33902,950,0.02328325281792786,1.0,1.0,,,,,,,,,
951,33951,951,0.031061048812844095,1.0,1.0,,,,,,,,,
952,33984,952,0.03965597334543418,1.0,1.0,,,,,,,,,
953,34025,953,0.047893257521354836,1.0,1.0,0.015850477591011443,1.0,1.0,,,,,,
954,34058,954,0.03309027786113802,1.0,1.0,,,,,,,,,
955,34083,955,0.028612197253484434,1.0,1.0,,,,,,,,,
956,34116,956,0.03150707739587233,1.0,1.0,,,,,,,,,
957,34141,957,0.030337310743877122,1.0,1.0,,,,,,,,,
958,34174,958,0.03392062281080143,1.0,1.0,,,,,,,,,
959,34191,959,0.03245588939083973,1.0,1.0,,,,,,,,,
960,34224,960,0.02702793977032343,1.0,1.0,,,,,,,,,
961,34249,961,0.02590323269541841,1.0,1.0,0.027020293312962167,1.0,1.0,,,,,,
962,34290,962,0.04345746947207954,1.0,1.0,,,,,,,,,
963,34331,963,0.030761342391051584,1.0,1.0,,,,,,,,,
964,34396,964,0.06004608768118487,0.0,0.0,,,,,,,,,
965,34469,965,0.030655546455010254,1.0,1.0,,,,,,,,,
966,34502,966,0.1272688285143522,0.0,0.0,,,,,,,,,
967,34543,967,0.028568737306108233,1.0,1.0,,,,,,,,,
968,34584,968,0.05511644170010549,0.0,0.0,,,,,,,,,
969,34641,969,0.04237444806041562,1.0,1.0,0.03176655455376022,1.0,1.0,,,,,,
970,34690,970,0.029022147834960682,1.0,1.0,,,,,,,,,
971,34779,971,0.04686714023390033,1.0,1.0,,,,,,,,,
972,34804,972,0.024736457327574804,1.0,1.0,,,,,,,,,
973,34837,973,0.018822762417112247,1.0,1.0,,,,,,,,,
974,34886,974,0.031736995369913826,1.0,1.0,,,,,,,,,
975,34935,975,0.06063241409952752,0.0,0.0,,,,,,,,,
976,34984,976,0.03200585875146013,1.0,1.0,,,,,,,,,
977,35033,977,0.022347259931848384,1.0,1.0,0.019920334601229113,1.0,1.0,,,,,,
978,35090,978,0.032692173374276275,1.0,1.0,,,,,,,,,
979,35131,979,0.03434036706981715,1.0,1.0,,,,,,,,,
980,35156,980,0.030941097548141745,1.0,1.0,,,,,,,,,
981,35197,981,0.03328555966219574,1.0,1.0,,,,,,,,,
982,35230,982,0.07283935132938495,0.0,0.0,,,,,,,,,
983,35271,983,0.024116897546628026,1.0,1.0,,,,,,,,,
984,35296,984,0.01910199877359749,1.0,1.0,,,,,,,,,
985,35321,985,0.019043332849590415,1.0,1.0,0.036885090385330846,1.0,1.0,,,,,,
986,35338,986,0.01899935820023529,1.0,1.0,,,,,,,,,
987,35363,987,0.03259853367848943,1.0,1.0,,,,,,,,,
988,35388,988,0.025825838882592506,1.0,1.0,,,,,,,,,
989,35429,989,0.03259966908814386,1.0,1.0,,,,,,,,,
990,35454,990,0.01721714371043011,1.0,1.0,,,,,,,,,
991,35479,991,0.01979831766017014,1.0,1.0,,,,,,,,,
992,35504,992,0.013993315252349323,1.0,1.0,,,,,,,,,
993,35529,993,0.09619512730151958,0.0,0.0,0.030549129728169644,1.0,1.0,,,,,,
994,35562,994,0.024369627571577436,1.0,1.0,,,,,,,,,
995,35595,995,0.03254850143275689,1.0,1.0,,,,,,,,,
996,35652,996,0.03021917769178149,1.0,1.0,,,,,,,,,
997,35677,997,0.044072060028168686,0.0,0.0,,,,,,,,,
998,35718,998,0.04136608989909291,1.0,1.0,,,,,,,,,
999,35759,999,0.02691126309463289,1.0,1.0,,,,,,,,,
1000,35792,1000,0.0317012691142736,1.0,1.0,,,,,,,,,
1001,35817,1001,0.019078820025770254,1.0,1.0,0.03166370899562026,1.0,1.0,,,,,,
1002,35882,1002,0.03737036999649718,1.0,1.0,,,,,,,,,
1003,35907,1003,0.036451752665064605,1.0,1.0,,,,,,,,,
1004,35956,1004,0.050909369626218295,1.0,1.0,,,,,,,,,
1005,35973,1005,0.031810027936444385,1.0,1.0,,,,,,,,,
1006,36006,1006,0.03430257314772461,1.0,1.0,,,,,,,,,
1007,36023,1007,0.09405759482833674,0.0,0.0,,,,,,,,,
1008,36048,1008,0.01824421265043687,1.0,1.0,,,,,,,,,
1009,36081,1009,0.03224800312738807,1.0,1.0,0.10806510488875212,0.0,0.0,,,,,,
1010,36122,1010,0.03125157959974604,1.0,1.0,,,,,,,,,
1011,36139,1011,0.026974404458305797,1.0,1.0,,,,,,,,,
1012,36180,1012,0.021285660093941262,1.0,1.0,,,,,,,,,
1013,36205,1013,0.0325317186019068,1.0,1.0,,,,,,,,,
1014,36238,1014,0.02871531233402493,1.0,1.0,,,,,,,,,
1015,36279,1015,0.04031201751332264,1.0,1.0,,,,,,,,,
1016,36320,1016,0.028271345012646634,1.0,1.0,,,,,,,,,
1017,36337,1017,0.03475503723559086,1.0,1.0,0.3070229010481853,0.0,0.0,,,,,,
1018,36378,1018,0.02948779996542726,1.0,1.0,,,,,,,,,
1019,36411,1019,0.0224310237399186,1.0,1.0,,,,,,,,,
1020,36468,1020,0.04639874938742391,0.0,0.0,,,,,,,,,
1021,36517,1021,0.028782907059649004,1.0,1.0,,,,,,,,,
1022,36542,1022,0.10789994825810328,0.0,0.0,,,,,,,,,
1023,36567,1023,0.030111688960272054,1.0,1.0,,,,,,,,,
1024,36600,1024,0.026863886757782895,1.0,1.0,,,,,,,,,
1025,36641,1025,0.028137988994596533,1.0,1.0,0.056215164266953555,0.0,0.0,,,,,,
1026,36674,1026,0.016697462256997822,1.0,1.0,,,,,,,,,
1027,36707,1027,0.028563424866879357,1.0,1.0,,,,,,,,,
1028,36748,1028,0.056716429208172485,1.0,1.0,,,,,,,,,
1029,36781,1029,0.008180412996298401,1.0,1.0,,,,,,,,,
1030,36822,1030,0.026103083435213194,1.0,1.0,,,,,,,,,
1031,36863,1031,0.037907943029364115,1.0,1.0,,,,,,,,,
1032,36888,1032,0.02974882894040396,1.0,1.0,,,,,,,,,
1033,36913,1033,0.02900145945238667,1.0,1.0,0.04569081177791304,1.0,1.0,,,,,,
1034,36954,1034,0.03495855864646729,1.0,1.0,,,,,,,,,
1035,37003,1035,0.033465398733581724,1.0,1.0,,,,,,,,,
1036,37028,1036,0.021087911587237614,1.0,1.0,,,,,,,,,
1037,37061,1037,0.051354804594957386,1.0,1.0,,,,,,,,,
1038,37094,1038,0.021276249409274896,1.0,1.0,,,,,,,,,
1039,37127,1039,0.02739245896711509,1.0,1.0,,,,,,,,,
1040,37168,1040,0.030840746113506613,1.0,1.0,,,,,,,,,
1041,37193,1041,0.024980265801350467,1.0,1.0,0.0378704439784633,1.0,1.0,,,,,,
1042,37210,1042,0.027626955276500668,1.0,1.0,,,,,,,,,
1043,37235,1043,0.028542229916007876,1.0,1.0,,,,,,,,,
1044,37268,1044,0.03473178082546838,1.0,1.0,,,,,,,,,
1045,37301,1045,0.03448873731373169,1.0,1.0,,,,,,,,,
1046,37334,1046,0.021799526661448,1.0,1.0,,,,,,,,,
1047,37367,1047,0.025850607227839644,1.0,1.0,,,,,,,,,
1048,37424,1048,0.036737919947440134,1.0,1.0,,,,,,,,,
1049,37449,1049,0.02014992307240997,1.0,1.0,0.01720522718989135,1.0,1.0,,,,,,
1050,37474,1050,0.03473157168724962,1.0,1.0,,,,,,,,,
1051,37507,1051,0.02910661589514348,1.0,1.0,,,,,,,,,
1052,37540,1052,0.02697354689182248,1.0,1.0,,,,,,,,,
1053,37565,1053,0.024274178472696806,1.0,1.0,,,,,,,,,
1054,37598,1054,0.016665322885346542,1.0,1.0,,,,,,,,,
1055,37639,1055,0.023518047746008963,1.0,1.0,,,,,,,,,
1056,37680,1056,0.02251956907939166,1.0,1.0,,,,,,,,,
1057,37761,1057,0.024695117753086384,1.0,1.0,0.032839091231968875,1.0,1.0,,,,,,
1058,37802,1058,0.04132145801984735,1.0,1.0,,,,,,,,,
1059,37819,1059,0.023386318219199894,1.0,1.0,,,,,,,,,
1060,37860,1060,0.02964730699686334,1.0,1.0,,,,,,,,,
1061,37893,1061,0.03401796227190061,1.0,1.0,,,,,,,,,
1062,37926,1062,0.05199697071862829,0.0,0.0,,,,,,,,,
1063,37967,1063,0.03918277204036713,1.0,1.0,,,,,,,,,
1064,38008,1064,0.02165741888387129,1.0,1.0,,,,0.7234042286872864,0.6521739130434783,0.75,0.8425925925925926,0.8308953162451015,0.6976744186046512
1065,38065,1065,0.032302367154199076,1.0,1.0,0.017753246111872917,1.0,1.0,,,,,,
1066,38114,1066,0.040593772558931956,1.0,1.0,,,,,,,,,
1067,38155,1067,0.03415797693183414,1.0,1.0,,,,,,,,,
1068,38164,1068,0.00860154510504799,1.0,1.0,,,,,,,,,
1069,38189,1069,0.030448384692875453,1.0,1.0,,,,,,,,,
1070,38238,1070,0.03934487001155503,1.0,1.0,,,,,,,,,
1071,38271,1071,0.02376677564425336,1.0,1.0,,,,,,,,,
1072,38296,1072,0.02327188828717529,1.0,1.0,,,,,,,,,
1073,38313,1073,0.0175505325802078,1.0,1.0,0.022303245717230313,1.0,1.0,,,,,,
1074,38354,1074,0.026863997097156245,1.0,1.0,,,,,,,,,
1075,38371,1075,0.02038134567759698,1.0,1.0,,,,,,,,,
1076,38428,1076,0.038962446287103894,1.0,1.0,,,,,,,,,
1077,38453,1077,0.018018460765403387,1.0,1.0,,,,,,,,,
1078,38478,1078,0.028477709517270952,1.0,1.0,,,,,,,,,
1079,38519,1079,0.041289247992768646,1.0,1.0,,,,,,,,,
1080,38536,1080,0.01565736526143155,1.0,1.0,,,,,,,,,
1081,38561,1081,0.035892336838102584,1.0,1.0,0.02509854650925263,1.0,1.0,,,,,,
1082,38594,1082,0.03191386568602866,1.0,1.0,,,,,,,,,
1083,38627,1083,0.021402142249053215,1.0,1.0,,,,,,,,,
1084,38660,1084,0.029519967490866748,1.0,1.0,,,,,,,,,
1085,38701,1085,0.025648879091604616,1.0,1.0,,,,,,,,,
1086,38718,1086,0.0269056920841831,1.0,1.0,,,,,,,,,
1087,38751,1087,0.01968318454295513,1.0,1.0,,,,,,,,,
1088,38776,1088,0.021263886281861533,1.0,1.0,,,,,,,,,
1089,38809,1089,0.02560614191543209,1.0,1.0,0.04979592210546668,1.0,1.0,,,,,,
1090,38858,1090,0.030274832146994106,1.0,1.0,,,,,,,,,
1091,38891,1091,0.033971165771167766,1.0,1.0,,,,,,,,,
1092,38924,1092,0.02161777053916012,1.0,1.0,,,,,,,,,
1093,38965,1093,0.030302877599493516,1.0,1.0,,,,,,,,,
1094,38990,1094,0.010801816885026103,1.0,1.0,,,,,,,,,
1095,39023,1095,0.02770740627873238,1.0,1.0,,,,,,,,,
1096,39048,1096,0.027660485297189247,1.0,1.0,,,,,,,,,
1097,39073,1097,0.013601917571310575,1.0,1.0,0.03514004529694648,1.0,1.0,,,,,,
1098,39098,1098,0.01694365036441013,1.0,1.0,,,,,,,,,
1099,39139,1099,0.03186022838691133,1.0,1.0,,,,,,,,,
1100,39164,1100,0.03573312806676161,1.0,1.0,,,,,,,,,
1101,39221,1101,0.030797119618052544,1.0,1.0,,,,,,,,,
1102,39246,1102,0.02121204500782066,1.0,1.0,,,,,,,,,
1103,39287,1103,0.03254835802603339,1.0,1.0,,,,,,,,,
1104,39320,1104,0.0214789447055955,1.0,1.0,,,,,,,,,
1105,39361,1105,0.027146456123591636,1.0,1.0,0.0942343262627037,0.0,0.0,,,,,,
1106,39394,1106,0.015619975061854346,1.0,1.0,,,,,,,,,
1107,39411,1107,0.028689179745451838,1.0,1.0,,,,,,,,,
1108,39452,1108,0.03235209266029415,1.0,1.0,,,,,,,,,
1109,39485,1109,0.025584854382705094,1.0,1.0,,,,,,,,,
1110,39518,1110,0.016528431481710865,1.0,1.0,,,,,,,,,
1111,39551,1111,0.02185232714567974,1.0,1.0,,,,,,,,,
1112,39584,1112,0.029523307597592068,1.0,1.0,,,,,,,,,
1113,39609,1113,0.015403694015888807,1.0,1.0,0.0400786846457673,1.0,1.0,,,,,,
1114,39666,1114,0.022024276900473132,1.0,1.0,,,,,,,,,
1115,39699,1115,0.04069438854079635,1.0,1.0,,,,,,,,,
1116,39724,1116,0.032484798547763295,1.0,1.0,,,,,,,,,
1117,39765,1117,0.02850042495745584,1.0,1.0,,,,,,,,,
1118,39790,1118,0.02783072785348243,1.0,1.0,,,,,,,,,
1119,39831,1119,0.03146346185274888,1.0,1.0,,,,,,,,,
1120,39872,1120,0.03349527138177655,1.0,1.0,,,,,,,,,
1121,39921,1121,0.03026976193175263,1.0,1.0,0.023571519881457795,1.0,1.0,,,,,,
1122,39946,1122,0.02313121245264483,1.0,1.0,,,,,,,,,
1123,39979,1123,0.021270805956810364,1.0,1.0,,,,,,,,,
1124,40012,1124,0.02961524050057051,1.0,1.0,,,,,,,,,
1125,40045,1125,0.02320219371398707,1.0,1.0,,,,,,,,,
1126,40110,1126,0.026273062236989518,1.0,1.0,,,,,,,,,
1127,40143,1127,0.030409513385884566,1.0,1.0,,,,,,,,,
1128,40184,1128,0.029563583112845668,1.0,1.0,,,,,,,,,
1129,40225,1129,0.024225205297276266,1.0,1.0,0.04309801984977184,1.0,1.0,,,,,,
1130,40258,1130,0.03825218764508463,1.0,1.0,,,,,,,,,
1131,40291,1131,0.01892054352469131,1.0,1.0,,,,,,,,,
1132,40316,1132,0.02970446214463664,1.0,1.0,,,,,,,,,
1133,40365,1133,0.031051318746807128,1.0,1.0,,,,,,,,,
1134,40414,1134,0.021790392896606742,1.0,1.0,,,,,,,,,
1135,40463,1135,0.029161958251885757,1.0,1.0,,,,,,,,,
1136,40504,1136,0.04239236695444561,1.0,1.0,,,,,,,,,
1137,40537,1137,0.02411923263091012,1.0,1.0,0.019609019957442797,1.0,1.0,,,,,,
1138,40634,1138,0.03107360648013734,1.0,1.0,,,,,,,,,
1139,40651,1139,0.018244256293110085,1.0,1.0,,,,,,,,,
1140,40684,1140,0.026965004753001266,1.0,1.0,,,,,,,,,
1141,40709,1141,0.01873124474256959,1.0,1.0,,,,,,,,,
1142,40726,1142,0.017655945778897147,1.0,1.0,,,,,,,,,
1143,40751,1143,0.017271178502148054,1.0,1.0,,,,,,,,,
1144,40784,1144,0.02438622699741245,1.0,1.0,,,,,,,,,
1145,40809,1145,0.016914455301375707,1.0,1.0,0.016667647840755917,1.0,1.0,,,,,,
1146,40842,1146,0.007844158887819504,1.0,1.0,,,,,,,,,
1147,40891,1147,0.027534369158966,1.0,1.0,,,,,,,,,
1148,40932,1148,0.022360083346022297,1.0,1.0,,,,,,,,,
1149,40981,1149,0.023279528031077155,1.0,1.0,,,,,,,,,
1150,41014,1150,0.027906864792034865,1.0,1.0,,,,,,,,,
1151,41039,1151,0.02388390593031848,1.0,1.0,,,,,,,,,
1152,41080,1152,0.02964064330628026,1.0,1.0,,,,,,,,,
1153,41097,1153,0.023239595274208113,1.0,1.0,0.032228792436265696,1.0,1.0,,,,,,
1154,41138,1154,0.030647972718361418,1.0,1.0,,,,,,,,,
1155,41179,1155,0.03173676056258228,1.0,1.0,,,,,,,,,
1156,41196,1156,0.016871594787517097,1.0,1.0,,,,,,,,,
1157,41221,1157,0.01717810891939128,1.0,1.0,,,,,,,,,
1158,41254,1158,0.03318510168081047,1.0,1.0,,,,,,,,,
1159,41279,1159,0.017462638165161477,1.0,1.0,,,,,,,,,
1160,41304,1160,0.01622283076404225,1.0,1.0,,,,,,,,,
1161,41321,1161,0.005787937108325423,1.0,1.0,0.04990381306821551,1.0,1.0,,,,,,
1162,41354,1162,0.02232993796285882,1.0,1.0,,,,,,,,,
1163,41379,1163,0.02843667515092723,1.0,1.0,,,,,,,,,
1164,41420,1164,0.01917563409425202,1.0,1.0,,,,,,,,,
1165,41445,1165,0.019541463118778968,1.0,1.0,,,,,,,,,
1166,41510,1166,0.032247698612097794,1.0,1.0,,,,,,,,,
1167,41543,1167,0.027335397748429385,1.0,1.0,,,,,,,,,
1168,41568,1168,0.012438433110000913,1.0,1.0,,,,,,,,,
1169,41601,1169,0.022183275216293624,1.0,1.0,0.028164922393807506,1.0,1.0,,,,,,
1170,41642,1170,0.023165189817111242,1.0,1.0,,,,,,,,,
1171,41683,1171,0.028890795047103898,1.0,1.0,,,,,,,,,
1172,41708,1172,0.025228904383984625,1.0,1.0,,,,,,,,,
1173,41749,1173,0.01682025697487552,1.0,1.0,,,,,,,,,
1174,41790,1174,0.022780235765996623,1.0,1.0,,,,,,,,,
1175,41815,1175,0.016821600188607892,1.0,1.0,,,,,,,,,
1176,41856,1176,0.026028798461775294,1.0,1.0,,,,,,,,,
1177,41881,1177,0.02156521962556629,1.0,1.0,0.03150786815274235,1.0,1.0,,,,,,
1178,41914,1178,0.017990140621732282,1.0,1.0,,,,,,,,,
1179,41955,1179,0.03150097331684083,1.0,1.0,,,,,,,,,
1180,41988,1180,0.024714786511976856,1.0,1.0,,,,,,,,,
1181,42005,1181,0.01865181425546325,1.0,1.0,,,,,,,,,
1182,42038,1182,0.01982480298145674,1.0,1.0,,,,,,,,,
1183,42071,1183,0.028489121377660923,1.0,1.0,,,,,,,,,
1184,42104,1184,0.021152902619089673,1.0,1.0,,,,,,,,,
1185,42137,1185,0.02508170985169727,1.0,1.0,0.0395921739259677,1.0,1.0,,,,,,
1186,42170,1186,0.032155630691213445,1.0,1.0,,,,,,,,,
1187,42203,1187,0.027591852336918236,1.0,1.0,,,,,,,,,
1188,42236,1188,0.025346366942030726,1.0,1.0,,,,,,,,,
1189,42261,1189,0.026741557447676315,1.0,1.0,,,,,,,,,
1190,42302,1190,0.03236393050193147,1.0,1.0,,,,,,,,,
1191,42343,1191,0.025061369520495647,1.0,1.0,,,,,,,,,
1192,42376,1192,0.029662987342435373,1.0,1.0,,,,,,,,,
1193,42489,1193,0.017704957610185375,1.0,1.0,0.03759158552042209,1.0,1.0,,,,,,
1194,42522,1194,0.021510003118728492,1.0,1.0,,,,,,,,,
1195,42571,1195,0.04260487568993388,1.0,1.0,,,,,,,,,
1196,42676,1196,0.034262291074259196,1.0,1.0,,,,,,,,,
1197,42717,1197,0.025332197302675927,1.0,1.0,,,,,,,,,
1198,42742,1198,0.01677486487402348,1.0,1.0,,,,,,,,,
1199,42783,1199,0.02673033123354253,1.0,1.0,,,,,,,,,
1200,42840,1200,0.04153059640446112,1.0,1.0,,,,,,,,,
1201,42865,1201,0.012684179051575485,1.0,1.0,0.02230478963488713,1.0,1.0,,,,,,
1202,42890,1202,0.0256008965181536,1.0,1.0,,,,,,,,,
1203,42931,1203,0.030200639735645386,1.0,1.0,,,,,,,,,
1204,42964,1204,0.016561802143951355,1.0,1.0,,,,,,,,,
1205,42997,1205,0.022808811252107264,1.0,1.0,,,,,,,,,
1206,43038,1206,0.02918122443492758,1.0,1.0,,,,,,,,,
1207,43079,1207,0.0391551463019714,1.0,1.0,,,,,,,,,
1208,43112,1208,0.02830972807438229,1.0,1.0,,,,,,,,,
1209,43137,1209,0.022822625562657774,1.0,1.0,0.03327921302843606,1.0,1.0,,,,,,
1210,43186,1210,0.04203809949457839,1.0,1.0,,,,,,,,,
1211,43203,1211,0.024664841773046647,1.0,1.0,,,,,,,,,
1212,43228,1212,0.014398973397219378,1.0,1.0,,,,,,,,,
1213,43253,1213,0.02782932145162097,1.0,1.0,,,,,,,,,
1214,43286,1214,0.02905558178230422,1.0,1.0,,,,,,,,,
1215,43311,1215,0.023810818074368096,1.0,1.0,,,,,,,,,
1216,43336,1216,0.016094618101778903,1.0,1.0,,,,,,,,,
1217,43369,1217,0.017287510466676394,1.0,1.0,0.026763020804331367,1.0,1.0,,,,,,
1218,43402,1218,0.026319157769844424,1.0,1.0,,,,,,,,,
1219,43435,1219,0.02748199255518557,1.0,1.0,,,,,,,,,
1220,43476,1220,0.023222033890779134,1.0,1.0,,,,,,,,,
1221,43501,1221,0.027230457702438194,1.0,1.0,,,,,,,,,
1222,43526,1222,0.02319727590297892,1.0,1.0,,,,,,,,,
1223,43559,1223,0.03382756559120026,1.0,1.0,,,,,,,,,
1224,43616,1224,0.03814467361770636,1.0,1.0,,,,,,,,,
1225,43657,1225,0.017543264178904793,1.0,1.0,0.022205729729721495,1.0,1.0,,,,,,
1226,43714,1226,0.02597266453384821,1.0,1.0,,,,,,,,,
1227,43747,1227,0.02298765769792226,1.0,1.0,,,,,,,,,
1228,43764,1228,0.015958193230835607,1.0,1.0,,,,,,,,,
1229,43805,1229,0.026948336455330724,1.0,1.0,,,,,,,,,
1230,43838,1230,0.01806371407998995,1.0,1.0,,,,,,,,,
1231,43879,1231,0.041849289782927374,1.0,1.0,,,,,,,,,
1232,43904,1232,0.025276725972604858,1.0,1.0,,,,,,,,,
1233,43929,1233,0.024104786625621273,1.0,1.0,0.030623163941752865,1.0,1.0,,,,,,
1234,43954,1234,0.02034513930103761,1.0,1.0,,,,,,,,,
1235,43971,1235,0.02669782036973629,1.0,1.0,,,,,,,,,
1236,43996,1236,0.022120051906773977,1.0,1.0,,,,,,,,,
1237,44029,1237,0.01780387650593184,1.0,1.0,,,,,,,,,
1238,44046,1238,0.025831606611973257,1.0,1.0,,,,,,,,,
1239,44071,1239,0.027030054384352603,1.0,1.0,,,,,,,,,
1240,44096,1240,0.019597661633730844,1.0,1.0,,,,,,,,,
1241,44129,1241,0.03186949045333563,1.0,1.0,0.01540364796780826,1.0,1.0,,,,,,
1242,44210,1242,0.029777090609873998,1.0,1.0,,,,,,,,,
1243,44243,1243,0.020054402373716588,1.0,1.0,,,,,,,,,
1244,44276,1244,0.031010759281471113,1.0,1.0,,,,,,,,,
1245,44317,1245,0.028293579095799944,1.0,1.0,,,,,,,,,
1246,44342,1246,0.030785751341754805,1.0,1.0,,,,,,,,,
1247,44367,1247,0.032504173375151976,1.0,1.0,,,,,,,,,
1248,44448,1248,0.037493681982305134,1.0,1.0,,,,,,,,,
1249,44481,1249,0.0144571089517558,1.0,1.0,0.026205423751962366,1.0,1.0,,,,,,
1250,44506,1250,0.018307981386533355,1.0,1.0,,,,,,,,,
1251,44539,1251,0.02170232525590109,1.0,1.0,,,,,,,,,
1252,44556,1252,0.015355424850713463,1.0,1.0,,,,,,,,,
1253,44581,1253,0.03174398315085758,1.0,1.0,,,,,,,,,
1254,44606,1254,0.017481737189767345,1.0,1.0,,,,,,,,,
1255,44647,1255,0.026203836959146434,1.0,1.0,,,,,,,,,
1256,44672,1256,0.0287205055729161,1.0,1.0,,,,,,,,,
1257,44705,1257,0.0309123429065221,1.0,1.0,0.14015352769398307,0.0,0.0,,,,,,
1258,44778,1258,0.03025873921779243,1.0,1.0,,,,,,,,,
1259,44819,1259,0.039386227886348935,1.0,1.0,,,,,,,,,
1260,44844,1260,0.019650271639353987,1.0,1.0,,,,,,,,,
1261,44861,1261,0.012347399765967567,1.0,1.0,,,,,,,,,
1262,44910,1262,0.040964349529410055,1.0,1.0,,,,,,,,,
1263,44951,1263,0.03058045799257525,1.0,1.0,,,,,,,,,
1264,45000,1264,0.028584514568356097,1.0,1.0,,,,,,,,,
1265,45049,1265,0.029784140093518846,1.0,1.0,0.031870229976892005,1.0,1.0,,,,,,
1266,45066,1266,0.02159999032752239,1.0,1.0,,,,,,,,,
1267,45091,1267,0.024738511003743042,1.0,1.0,,,,,,,,,
1268,45140,1268,0.03204828664883583,1.0,1.0,,,,,,,,,
1269,45165,1269,0.02359925451242209,1.0,1.0,,,,,,,,,
1270,45214,1270,0.027395359122917094,1.0,1.0,,,,,,,,,
1271,45231,1271,0.018640533985981166,1.0,1.0,,,,,,,,,
1272,45248,1272,0.018324114427014142,1.0,1.0,,,,,,,,,
1273,45297,1273,0.0234557722050522,1.0,1.0,0.018639794989624835,1.0,1.0,,,,,,
1274,45330,1274,0.009074329411960208,1.0,1.0,,,,,,,,,
1275,45347,1275,0.010560274259660218,1.0,1.0,,,,,,,,,
1276,45404,1276,0.02977311063998578,1.0,1.0,,,,,,,,,
1277,45429,1277,0.02471012460698451,1.0,1.0,,,,,,,,,
1278,45454,1278,0.01588607766088292,1.0,1.0,,,,,,,,,
1279,45487,1279,0.03664751312918725,1.0,1.0,,,,,,,,,
1280,45512,1280,0.028778206241477165,1.0,1.0,,,,,,,,,
1281,45545,1281,0.024358482590523638,1.0,1.0,0.04343480731982709,1.0,1.0,,,,,,
1282,45578,1282,0.019395458748258532,1.0,1.0,,,,,,,,,
1283,45619,1283,0.02713561431062408,1.0,1.0,,,,,,,,,
1284,45684,1284,0.02246053947603286,1.0,1.0,,,,,,,,,
1285,45733,1285,0.03771879312011151,1.0,1.0,,,,,,,,,
1286,45766,1286,0.01735098153583749,1.0,1.0,,,,,,,,,
1287,45791,1287,0.015238957445162668,1.0,1.0,,,,,,,,,
1288,45840,1288,0.025290973830851722,1.0,1.0,,,,,,,,,
1289,45881,1289,0.025298952993172863,1.0,1.0,0.04088157332219582,1.0,1.0,,,,,,
1290,45906,1290,0.017320515722203708,1.0,1.0,,,,,,,,,
1291,45939,1291,0.023769408567895882,1.0,1.0,,,,,,,,,
1292,45988,1292,0.034116306798890335,1.0,1.0,,,,,,,,,
1293,46029,1293,0.024650206312362574,1.0,1.0,,,,,,,,,
1294,46062,1294,0.023199266033770982,1.0,1.0,,,,,,,,,
1295,46095,1295,0.03221164948343358,1.0,1.0,,,,,,,,,
1296,46120,1296,0.019831279152660197,1.0,1.0,,,,,,,,,
1297,46145,1297,0.015829469353460204,1.0,1.0,0.08779102211893769,0.0,0.0,,,,,,
1298,46194,1298,0.03434592811070615,1.0,1.0,,,,,,,,,
1299,46219,1299,0.016133896083010767,1.0,1.0,,,,,,,,,
1300,46252,1300,0.02514487107428067,1.0,1.0,,,,,,,,,
1301,46277,1301,0.03230037643484441,1.0,1.0,,,,,,,,,
1302,46366,1302,0.03998147753777052,1.0,1.0,,,,,,,,,
1303,46391,1303,0.024836663502816617,1.0,1.0,,,,,,,,,
1304,46424,1304,0.03116258768131957,1.0,1.0,,,,,,,,,
1305,46465,1305,0.028734199053258636,1.0,1.0,0.022296475611710775,1.0,1.0,,,,,,
1306,46506,1306,0.03192567945321208,1.0,1.0,,,,,,,,,
1307,46555,1307,0.03178269243173418,1.0,1.0,,,,,,,,,
1308,46580,1308,0.019990587373467858,1.0,1.0,,,,,,,,,
1309,46605,1309,0.020726134183302443,1.0,1.0,,,,,,,,,
1310,46630,1310,0.01957846804478322,1.0,1.0,,,,,,,,,
1311,46695,1311,0.03260252932839648,1.0,1.0,,,,,,,,,
1312,46728,1312,0.01849296926815441,1.0,1.0,,,,,,,,,
1313,46777,1313,0.03256943721668601,1.0,1.0,0.056292465971646374,0.0,0.0,,,,,,
1314,46810,1314,0.032710684200064864,1.0,1.0,,,,,,,,,
1315,46835,1315,0.028619315040923538,1.0,1.0,,,,,,,,,
1316,46876,1316,0.02154662277805619,1.0,1.0,,,,,,,,,
1317,46917,1317,0.017388050674053378,1.0,1.0,,,,,,,,,
1318,46942,1318,0.017035709326713305,1.0,1.0,,,,,,,,,
1319,47039,1319,0.027397731780365576,1.0,1.0,,,,,,,,,
1320,47072,1320,0.027021161557950108,1.0,1.0,,,,,,,,,
1321,47105,1321,0.04766614632510027,1.0,1.0,0.05118439373269211,0.0,0.0,,,,,,
1322,47138,1322,0.03268786637770972,1.0,1.0,,,,,,,,,
1323,47187,1323,0.034504572386116095,1.0,1.0,,,,,,,,,
1324,47212,1324,0.02252918438365062,1.0,1.0,,,,,,,,,
1325,47253,1325,0.026844375632936138,1.0,1.0,,,,,,,,,
1326,47278,1326,0.017606808927036276,1.0,1.0,,,,,,,,,
1327,47303,1327,0.02494974044622116,1.0,1.0,,,,,,,,,
1328,47336,1328,0.03044725622011129,1.0,1.0,,,,,,,,,
1329,47353,1329,0.12559787396035973,0.0,0.0,0.023527070464631834,1.0,1.0,,,,,,
1330,47434,1330,0.023696589014580244,1.0,1.0,,,,,,,,,
1331,47467,1331,0.02363012797904958,1.0,1.0,,,,,,,,,
1332,47492,1332,0.02427296709366298,1.0,1.0,,,,,,,,,
1333,47533,1333,0.02575045822322136,1.0,1.0,,,,,,,,,
1334,47574,1334,0.02764894919510698,1.0,1.0,,,,,,,,,
1335,47599,1335,0.022849398567389774,1.0,1.0,,,,,,,,,
1336,47664,1336,0.03575820290721822,1.0,1.0,,,,,,,,,
1337,47689,1337,0.023286942110232,1.0,1.0,0.05247557718768077,1.0,1.0,,,,,,
1338,47706,1338,0.021226279546181104,1.0,1.0,,,,,,,,,
1339,47739,1339,0.038465827534291744,1.0,1.0,,,,,,,,,
1340,47764,1340,0.018037794940028107,1.0,1.0,,,,,,,,,
1341,47797,1341,0.02497668208730829,1.0,1.0,,,,,,,,,
1342,47878,1342,0.024813686311783392,1.0,1.0,,,,,,,,,
1343,47903,1343,0.015949187452497425,1.0,1.0,,,,,,,,,
1344,47928,1344,0.0239799134554778,1.0,1.0,,,,,,,,,
1345,47945,1345,0.02399394688378379,1.0,1.0,0.023889042090449945,1.0,1.0,,,,,,
1346,47994,1346,0.09500719925901649,0.0,0.0,,,,,,,,,
1347,48019,1347,0.015998154573656696,1.0,1.0,,,,,,,,,
1348,48044,1348,0.030904861050075845,1.0,1.0,,,,,,,,,
1349,48077,1349,0.02821911392366019,1.0,1.0,,,,,,,,,
1350,48102,1350,0.019026659701448807,1.0,1.0,,,,,,,,,
1351,48143,1351,0.03757320166376303,1.0,1.0,,,,,,,,,
1352,48176,1352,0.015316938993855727,1.0,1.0,,,,,,,,,
1353,48209,1353,0.026572669386296183,1.0,1.0,0.017192458778930206,1.0,1.0,,,,,,
1354,48266,1354,0.026122853276506895,1.0,1.0,,,,,,,,,
1355,48299,1355,0.016146548681163043,1.0,1.0,,,,,,,,,
1356,48348,1356,0.030697397775117374,1.0,1.0,,,,,,,,,
1357,48413,1357,0.03379778504735441,1.0,1.0,,,,,,,,,
1358,48446,1358,0.02956512097109226,1.0,1.0,,,,,,,,,
1359,48495,1359,0.026437494528157305,1.0,1.0,,,,,,,,,
1360,48520,1360,0.025224708729583656,1.0,1.0,,,,,,,,,
1361,48577,1361,0.02462930324497782,1.0,1.0,0.06101551106043189,0.0,0.0,,,,,,
1362,48602,1362,0.02143367465347789,1.0,1.0,,,,,,,,,
1363,48627,1363,0.038605132459924786,1.0,1.0,,,,,,,,,
1364,48652,1364,0.020031400627837377,1.0,1.0,,,,,,,,,
1365,48685,1365,0.01988613125407824,1.0,1.0,,,,,,,,,
1366,48726,1366,0.020703524568118154,1.0,1.0,,,,,,,,,
1367,48743,1367,0.0205685001612801,1.0,1.0,,,,,,,,,
1368,48776,1368,0.020504976391675884,1.0,1.0,,,,,,,,,
1369,48841,1369,0.04449441339536861,1.0,1.0,0.04038034796037079,1.0,1.0,,,,,,
1370,48882,1370,0.041795135450462116,1.0,1.0,,,,,,,,,
1371,48899,1371,0.03697331793620833,1.0,1.0,,,,,,,,,
1372,48940,1372,0.020227719397400507,1.0,1.0,,,,,,,,,
1373,48981,1373,0.017526013751572464,1.0,1.0,,,,,,,,,
1374,48998,1374,0.017095056193866184,1.0,1.0,,,,,,,,,
1375,49047,1375,0.04444907282280231,1.0,1.0,,,,,,,,,
1376,49088,1376,0.03445286802219926,1.0,1.0,,,,,,,,,
1377,49121,1377,0.027113598964333505,1.0,1.0,0.20942296125082066,0.0,0.0,,,,,,
1378,49162,1378,0.03434072887318325,1.0,1.0,,,,,,,,,
1379,49179,1379,0.020869666182479707,1.0,1.0,,,,,,,,,
1380,49212,1380,0.031214756775516436,1.0,1.0,,,,,,,,,
1381,49269,1381,0.03085264885887487,1.0,1.0,,,,,,,,,
1382,49310,1382,0.03415145783819025,1.0,1.0,,,,,,,,,
1383,49351,1383,0.02744739682604268,1.0,1.0,,,,,,,,,
1384,49376,1384,0.025214289747455043,1.0,1.0,,,,,,,,,
1385,49497,1385,0.0347658235890461,1.0,1.0,0.039013156786725935,1.0,1.0,,,,,,
1386,49530,1386,0.022322679925382546,1.0,1.0,,,,,,,,,
1387,49555,1387,0.022942443299883354,1.0,1.0,,,,,,,,,
1388,49580,1388,0.028072204679726077,1.0,1.0,,,,,,,,,
1389,49613,1389,0.025952583356429387,1.0,1.0,,,,,,,,,
1390,49646,1390,0.014137995614964895,1.0,1.0,,,,,,,,,
1391,49679,1391,0.024070908252106164,1.0,1.0,,,,,,,,,
1392,49712,1392,0.02664308872714173,1.0,1.0,,,,,,,,,
1393,49769,1393,0.028067486001922846,1.0,1.0,0.03359065203432692,1.0,1.0,,,,,,
1394,49802,1394,0.033645775065451744,1.0,1.0,,,,,,,,,
1395,49819,1395,0.031169128076217023,1.0,1.0,,,,,,,,,
1396,49860,1396,0.025046022663853362,1.0,1.0,,,,,,,,,
1397,49893,1397,0.03610235978869242,1.0,1.0,,,,,,,,,
1398,49926,1398,0.026089318717640708,1.0,1.0,,,,,,,,,
1399,49951,1399,0.02122247688273395,1.0,1.0,,,,,,,,,
1400,49976,1400,0.016219070228541264,1.0,1.0,,,,,,,,,
1401,50017,1401,0.027440250252722766,1.0,1.0,0.028466152891538518,1.0,1.0,,,,,,
1402,50050,1402,0.026613817702123017,1.0,1.0,,,,,,,,,
1403,50099,1403,0.03269128736502049,1.0,1.0,,,,,,,,,
1404,50140,1404,0.03991723159514368,1.0,1.0,,,,,,,,,
1405,50189,1405,0.021101791303857077,1.0,1.0,,,,,,,,,
1406,50238,1406,0.032490513901975646,1.0,1.0,,,,,,,,,
1407,50279,1407,0.03982225058463519,1.0,1.0,,,,,,,,,
1408,50336,1408,0.030776367947525744,1.0,1.0,,,,,,,,,
1409,50353,1409,0.017498743027099407,1.0,1.0,0.0445815602393759,1.0,1.0,,,,,,
1410,50394,1410,0.02782572778152826,1.0,1.0,,,,,,,,,
1411,50427,1411,0.0259203884462886,1.0,1.0,,,,,,,,,
1412,50460,1412,0.016759896888252118,1.0,1.0,,,,,,,,,
1413,50485,1413,0.02255392020471239,1.0,1.0,,,,,,,,,
1414,50518,1414,0.026051529500673493,1.0,1.0,,,,,,,,,
1415,50543,1415,0.015144304052246298,1.0,1.0,,,,,,,,,
1416,50568,1416,0.013569526327531396,1.0,1.0,,,,,,,,,
1417,50585,1417,0.025101325987670862,1.0,1.0,0.06537443835520389,0.0,0.0,,,,,,
1418,50626,1418,0.03166137819984579,1.0,1.0,,,,0.7872340679168701,0.75,0.75,0.8518518518518519,0.8378743368665911,0.75

